Data,Otwarcie,Najwyzszy,Najnizszy,Zamkniecie
2018-01-03,2111.24,2152.97,2111.24,2152.97
2018-01-04,2153.87,2197.6,2153.87,2197.6
2018-01-05,2196.69,2207.41,2188.35,2207.41
2018-01-09,2211.4,2242.87,2211.4,2225.39
2018-01-10,2227.33,2233.63,2213.77,2232.27
2018-01-11,2232.19,2246.82,2221.61,2246.45
2018-01-12,2245.7,2262.38,2234.42,2262.38
2018-01-15,2268.01,2280.17,2259.66,2261.53
2018-01-16,2262.09,2265.64,2232.92,2257.89
2018-01-17,2250.71,2277.89,2231.7,2277.89
2018-01-18,2279.34,2299.64,2279.34,2297.47
2018-01-19,2298.07,2306.79,2273.24,2286.33
2018-01-22,2286.04,2308.61,2285.32,2308.61
2018-01-23,2311.99,2315.77,2281.52,2298.95
2018-01-24,2297.69,2306.99,2283.2,2306.99
2018-01-25,2311.56,2328.48,2307.62,2320.03
2018-01-26,2317.15,2317.15,2281.71,2295.26
2018-01-29,2295.34,2303.49,2280.92,2284.27
2018-01-30,2276.37,2301.98,2264.16,2280.36
2018-01-31,2278.83,2295.88,2266.95,2289.99
2018-02-01,2292.22,2313.21,2288.31,2302.57
2018-02-02,2303.06,2309.6,2272.84,2281.84
2018-02-05,2272.67,2281.97,2255.43,2276.85
2018-02-06,2233.31,2258.79,2222.85,2238.24
2018-02-07,2247.99,2267.35,2247.99,2254.64
2018-02-08,2248.98,2259.4,2227.24,2227.24
2018-02-09,2209.67,2217.89,2181.96,2197.12
2018-02-12,2208.98,2229.81,2206.28,2220.12
2018-02-13,2225.71,2250.63,2220.69,2250.63
2018-02-14,2252.95,2259.06,2232.96,2257.95
2018-02-15,2267.82,2280.27,2265.45,2265.45
2018-02-16,2266.42,2283.65,2248.3,2255.27
2018-02-19,2255.37,2266.89,2251.18,2254.92
2018-02-20,2256.01,2271.37,2254.92,2270.12
2018-02-21,2268.27,2320.32,2265.85,2320.32
2018-02-22,2316.09,2336.82,2307.28,2336.82
2018-02-26,2353.89,2376.96,2346.73,2353.16
2018-02-27,2356.75,2357.1,2333.38,2341.89
2018-02-28,2338.26,2338.26,2296.8,2296.8
2018-03-01,2286.41,2306.51,2281.22,2297.9
2018-03-02,2295.15,2301.77,2263.77,2288.84
2018-03-05,2291.9,2317.01,2291.9,2309.53
2018-03-06,2312.6,2325.16,2302.11,2303.32
2018-03-07,2299.38,2299.38,2269.9,2291.23
2018-03-09,2290.77,2311.69,2286.23,2311.69
2018-03-12,2317.19,2326.41,2309.6,2318.01
2018-03-13,2315.24,2326.06,2305.25,2319.38
2018-03-14,2316.6,2316.6,2275.24,2275.24
2018-03-15,2275.06,2284.79,2262.21,2272.49
2018-03-16,2273.51,2294.6,2255.95,2294.6
2018-03-19,2299.01,2302.78,2279.5,2281.72
2018-03-20,2281.53,2293.85,2263.48,2291.18
2018-03-21,2292.74,2316.08,2290.18,2309.36
2018-03-22,2311.31,2317.38,2279.63,2285.76
2018-03-23,2272.32,2288.15,2259.78,2285.53
2018-03-26,2285.15,2285.15,2240.85,2240.85
2018-03-27,2248.11,2271.62,2243.08,2262.5
2018-03-28,2260.18,2260.18,2241.07,2249.23
2018-03-29,2251.61,2274.62,2251.61,2274.62
2018-03-30,2278.94,2281.54,2270.98,2270.98
2018-04-02,2271.91,2294.08,2256.64,2256.64
2018-04-03,2259.8,2264.07,2245.83,2263.85
2018-04-04,2264.74,2273.53,2248.48,2265.6
2018-04-05,2270.16,2297.69,2270.16,2296.25
2018-04-06,2286.35,2293.99,2274.91,2281.23
2018-04-09,2272.4,2272.4,2065.32,2090.88
2018-04-10,2090.73,2199.44,2083.3,2173.76
2018-04-11,2172.45,2231.26,2157.92,2192.15
2018-04-12,2206.94,2220.83,2173.6,2210.05
2018-04-13,2210.02,2219.1,2167.9,2175.16
2018-04-16,2156.28,2179.75,2141.17,2143.67
2018-04-17,2173.45,2191.19,2165.21,2191.19
2018-04-18,2193.73,2246.6,2191.67,2241.49
2018-04-19,2248.08,2265.92,2219.49,2230.55
2018-04-20,2231.08,2242.72,2222.81,2232.66
2018-04-23,2232.33,2250.99,2212.16,2250.99
2018-04-24,2260.17,2270.61,2245.57,2253.77
2018-04-25,2245.06,2253.5,2229.66,2253.5
2018-04-26,2255.66,2286.73,2253.92,2286.02
2018-04-27,2287.95,2302.54,2281.49,2301.49
2018-04-28,2300.85,2300.85,2288.23,2297.3
2018-04-30,2296.11,2322.38,2289.33,2307.02
2018-05-02,2304.28,2317.43,2298.52,2306.42
2018-05-03,2303.34,2313.85,2274.07,2274.07
2018-05-04,2278.9,2294.35,2278.9,2289.47
2018-05-07,2294.1,2313.73,2292.63,2297.12
2018-05-08,2292.78,2301.99,2277.17,2301.99
2018-05-10,2315.39,2322.45,2303.15,2312.92
2018-05-11,2317.6,2346.98,2317.53,2345.26
2018-05-14,2345.93,2358.59,2326.27,2357.62
2018-05-15,2353.22,2354.11,2330.59,2337.03
2018-05-16,2336.52,2350.49,2328.86,2338.39
2018-05-17,2342.22,2346.04,2323.51,2323.51
2018-05-18,2323.75,2338.94,2321.93,2326.94
2018-05-21,2328.42,2347.93,2328.42,2332.63
2018-05-22,2333.89,2336.77,2317.78,2326.87
2018-05-23,2317,2318.77,2294.98,2295.57
2018-05-24,2298.73,2310.08,2289.68,2294.01
2018-05-25,2297.91,2316.13,2296.91,2306.57
2018-05-28,2306.23,2314.48,2301.82,2311.28
2018-05-29,2314.11,2316.59,2285.41,2298
2018-05-30,2298.52,2307.82,2289.21,2297.6
2018-05-31,2303.34,2315.15,2289.65,2302.88
2018-06-01,2297.13,2311.95,2292.97,2295.34
2018-06-04,2299.65,2324.2,2299.65,2323.64
2018-06-05,2322.71,2329.03,2310.82,2318.23
2018-06-06,2319.33,2322.05,2302.7,2315.45
2018-06-07,2318.28,2326.44,2316.07,2316.07
2018-06-08,2313,2316.92,2267.92,2267.92
2018-06-09,2268.99,2284.13,2268.99,2281.51
2018-06-11,2283.64,2285.14,2260.4,2271.74
2018-06-13,2275.69,2283.73,2268.36,2270.73
2018-06-14,2268.94,2269.1,2247.96,2253.48
2018-06-15,2254.09,2261.74,2235.93,2237.53
2018-06-18,2234.53,2241.3,2216.21,2222.56
2018-06-19,2216.94,2228.84,2192.63,2221.42
2018-06-20,2226.49,2263.76,2226.49,2256.27
2018-06-21,2255.51,2268.93,2243.71,2245.94
2018-06-22,2250.99,2262.18,2236.44,2249.68
2018-06-25,2234.22,2255.69,2232.82,2236.65
2018-06-26,2238.35,2253.3,2229.47,2231.03
2018-06-27,2239.75,2265.33,2223.28,2253.6
2018-06-28,2254.46,2264.76,2246.92,2250.26
2018-06-29,2262.16,2295.95,2261.58,2295.95
2018-07-02,2294.1,2327.72,2287.85,2319.31
2018-07-03,2319.37,2320.41,2296.92,2301.65
2018-07-04,2301.68,2309.57,2299.45,2304.06
2018-07-05,2299.68,2346.86,2293.78,2346.86
2018-07-06,2342.62,2350.97,2319.94,2345.38
2018-07-09,2351.69,2375.83,2351.69,2373.17
2018-07-10,2368.28,2379.33,2359.16,2365.17
2018-07-11,2355.79,2355.79,2326.24,2336.15
2018-07-12,2332.23,2336.52,2307.95,2322.06
2018-07-13,2326.76,2346.43,2324.9,2346.43
2018-07-16,2343.02,2352.3,2321.33,2334.18
2018-07-17,2325.28,2325.28,2293.76,2310.92
2018-07-18,2294.22,2303.39,2284.45,2294.78
2018-07-19,2297.15,2297.15,2262.99,2269.45
2018-07-20,2269.97,2274.66,2239.77,2247.82
2018-07-23,2250.57,2273.13,2250.57,2261.25
2018-07-24,2264.38,2281.62,2263.36,2278.3
2018-07-25,2268.11,2285.22,2258.31,2282.84
2018-07-26,2287.75,2300.05,2283.01,2293.07
2018-07-27,2293.87,2298.07,2275.23,2292.72
2018-07-30,2288.29,2298.76,2276.68,2295.72
2018-07-31,2290.76,2321.11,2286.84,2321.11
2018-08-01,2317.83,2326.36,2307.99,2315.18
2018-08-02,2311.78,2321.78,2288.11,2295.15
2018-08-03,2294.37,2299.08,2277.3,2297.99
2018-08-06,2297.62,2310.96,2286.88,2299.88
2018-08-07,2303.47,2320.38,2301.21,2312.19
2018-08-08,2308.62,2310.65,2275.15,2293.01
2018-08-09,2282.02,2309.58,2257.51,2309.58
2018-08-10,2295.59,2308.46,2259.67,2275.05
2018-08-13,2264.6,2298.36,2255.75,2285.61
2018-08-14,2298.73,2305.88,2268.92,2282.88
2018-08-15,2281.4,2282.34,2246.45,2267.13
2018-08-16,2269.02,2273.44,2249.77,2261.09
2018-08-17,2261.69,2268.89,2247.45,2255.12
2018-08-20,2266.06,2279.52,2265.19,2272.49
2018-08-21,2274.36,2291.76,2259.81,2291.76
2018-08-22,2296.17,2306.1,2278.23,2297.06
2018-08-23,2293.98,2303.47,2258.11,2260.04
2018-08-24,2258.94,2281.74,2240.71,2279.76
2018-08-27,2281.87,2312.93,2281.87,2312.93
2018-08-28,2313.85,2323.45,2310.99,2316.28
2018-08-29,2316.73,2348.44,2316.66,2348.44
2018-08-30,2352.06,2359.58,2325.8,2330.92
2018-08-31,2328.52,2345.85,2310.78,2345.85
2018-09-03,2344.3,2353.09,2339.39,2346.08
2018-09-04,2348.65,2358.88,2332.34,2336.38
2018-09-05,2333.04,2341.37,2321.33,2321.33
2018-09-06,2320.08,2342.02,2320.08,2320.65
2018-09-07,2321.66,2330.84,2305.27,2321.82
2018-09-10,2322.67,2335.85,2320.04,2335.85
2018-09-11,2336.16,2345.65,2314.8,2335.19
2018-09-12,2339.77,2350,2328.28,2340.63
2018-09-13,2339.4,2373.61,2339.4,2357.32
2018-09-14,2359.06,2369.06,2345.51,2360.26
2018-09-17,2362.24,2373.76,2350.09,2373.75
2018-09-18,2374.09,2402.58,2372,2402.58
2018-09-19,2405.31,2416.53,2396.18,2404.42
2018-09-20,2405.36,2434.94,2400.89,2400.89
2018-09-21,2401.35,2426.8,2401,2426.8
2018-09-24,2426.41,2432.64,2417.45,2430.01
2018-09-25,2432.76,2444.65,2420.3,2444.22
2018-09-26,2445.35,2449.42,2421.45,2427.29
2018-09-27,2423.75,2474.57,2423.14,2474.57
2018-09-28,2467.95,2476.86,2446.53,2475.36
2018-10-01,2481.45,2493.82,2461.77,2472.22
2018-10-02,2475.65,2480.19,2445.51,2449.7
2018-10-03,2451.45,2501.78,2451.45,2493.91
2018-10-04,2492.54,2498.07,2459.02,2465.03
2018-10-05,2458.28,2466.31,2436.98,2450.9
2018-10-08,2449.95,2466.17,2436.49,2454.28
2018-10-09,2459.63,2478.87,2443.83,2443.83
2018-10-10,2445.78,2454.28,2411.06,2417.69
2018-10-11,2386.03,2388.63,2351.68,2366.47
2018-10-12,2371.68,2407.4,2371.68,2403.02
2018-10-15,2405.53,2414.16,2374.8,2389.05
2018-10-16,2387.35,2418.65,2377.81,2417.26
2018-10-17,2422.45,2433.5,2400.53,2411.42
2018-10-18,2408.97,2411.22,2377.37,2378.62
2018-10-19,2381.06,2381.83,2342.05,2344.79
2018-10-22,2347.29,2361,2306.26,2308.56
2018-10-23,2302.84,2321.46,2289.23,2305.58
2018-10-24,2311.28,2348.87,2307.96,2336.49
2018-10-25,2323.03,2336.68,2307.06,2331.59
2018-10-26,2328.82,2328.82,2275.58,2293.22
2018-10-29,2290.53,2321.77,2287.05,2317.06
2018-10-30,2311.54,2316.89,2283.13,2299.98
2018-10-31,2306.18,2352.71,2306.18,2352.71
2018-11-01,2352.94,2366.37,2333.09,2359.33
2018-11-02,2364.36,2385.95,2363.64,2377.95
2018-11-06,2381.38,2412.31,2381.38,2412.31
2018-11-07,2411.46,2445.34,2392.05,2445.34
2018-11-08,2446.23,2454.84,2430.84,2438.62
2018-11-09,2431.85,2431.85,2385.23,2403.47
2018-11-12,2407.97,2425.08,2391.57,2393.81
2018-11-13,2388.27,2398.95,2373.61,2374.94
2018-11-14,2368.89,2379.67,2346.68,2378.59
2018-11-15,2382.43,2396.93,2377.48,2381.45
2018-11-16,2384.76,2398.2,2365.2,2372.67
2018-11-19,2375.21,2391.72,2368.45,2373.78
2018-11-20,2371.71,2371.71,2323.95,2341.6
2018-11-21,2339.29,2362.28,2336.18,2357.97
2018-11-22,2358.14,2372.06,2348.04,2369.53
2018-11-23,2368.39,2368.39,2334,2342.97
2018-11-26,2344.38,2346.94,2284.3,2308.5
2018-11-27,2311.17,2345.01,2310.32,2338.71
2018-11-28,2341.11,2386.82,2341.11,2381.12
2018-11-29,2387.45,2410.49,2377.92,2398.56
2018-11-30,2394.54,2402.14,2378.74,2392.5
2018-12-03,2405.18,2446.15,2405.18,2441.19
2018-12-04,2440.63,2449.92,2426.71,2443.38
2018-12-05,2425.02,2445.55,2409.32,2445.55
2018-12-06,2438.79,2438.79,2391.63,2412.31
2018-12-07,2415.04,2440.03,2412.7,2431.29
2018-12-10,2426.4,2429.72,2396.69,2396.84
2018-12-11,2397.71,2408.07,2382.2,2394.26
2018-12-12,2392.84,2395.81,2366.76,2370.35
2018-12-13,2368.3,2379.18,2359.83,2378.5
2018-12-14,2376.87,2376.87,2351.62,2365.69
2018-12-17,2363.55,2379.07,2354.87,2359.13
2018-12-18,2353.75,2353.75,2321.57,2350.29
2018-12-19,2347.28,2360.36,2330.72,2358.58
2018-12-20,2348.79,2352.88,2317.57,2352.88
2018-12-21,2351.98,2351.98,2330.86,2347.17
2018-12-24,2345.98,2346.36,2315.43,2322.27
2018-12-25,2318.43,2318.43,2258.27,2290.86
2018-12-26,2291.98,2315.98,2291.98,2308.85
2018-12-27,2316.66,2340.63,2316.66,2327.81
2018-12-28,2329.96,2369.24,2329.96,2358.5
2018-12-29,2359.38,2370,2357.1,2369.33
2019-01-03,2370.56,2387.21,2350.41,2375.6
2019-01-04,2377.71,2406.5,2377.71,2406.5
2019-01-08,2400.96,2403.66,2375.01,2389.69
2019-01-09,2393.55,2414.13,2393.55,2414.13
2019-01-10,2413.27,2434.15,2398.16,2434.15
2019-01-11,2435.71,2448.17,2430.45,2444.45
2019-01-14,2438.35,2440.15,2418.65,2440.15
2019-01-15,2442.26,2457.35,2423.86,2439.55
2019-01-16,2440.34,2446.13,2426.8,2434.6
2019-01-17,2436.48,2447.64,2425.51,2447.64
2019-01-18,2454.19,2473.61,2451.65,2473.61
2019-01-21,2473.67,2481.88,2468.18,2468.25
2019-01-22,2466.35,2469.87,2454.19,2468.73
2019-01-23,2467.91,2493.06,2466.59,2491.49
2019-01-24,2490.05,2494.09,2470.3,2482.71
2019-01-25,2485.71,2498.23,2482.99,2498.23
2019-01-28,2499.19,2502.73,2467.5,2476.81
2019-01-29,2475.68,2501.69,2464.25,2498.35
2019-01-30,2497.09,2513.77,2492.52,2511.86
2019-01-31,2517.89,2536.28,2515.86,2521.1
2019-02-01,2520.08,2531.51,2512.76,2521.7
2019-02-04,2523.04,2537.47,2519.79,2523.52
2019-02-05,2524.35,2549.62,2523.78,2547.27
2019-02-06,2547.53,2551.97,2533.92,2539.73
2019-02-07,2537.41,2540.45,2506.6,2509.89
2019-02-08,2508.85,2511.21,2495,2502.82
2019-02-11,2503.88,2521.82,2503.76,2510.22
2019-02-12,2510.91,2535.66,2510.91,2533.32
2019-02-13,2534.57,2535.96,2483.81,2485.76
2019-02-14,2468.31,2475.5,2448.41,2460.82
2019-02-15,2465.02,2490.16,2465.02,2490.16
2019-02-18,2489.79,2494.43,2456.01,2472.41
2019-02-19,2471.17,2480.29,2450.17,2458.55
2019-02-20,2462.15,2487.82,2462.15,2487.82
2019-02-21,2488.44,2494.05,2462.92,2470.23
2019-02-22,2470.75,2490.67,2468.14,2488.63
2019-02-25,2491.54,2506.94,2481.73,2494.63
2019-02-26,2488.43,2494.02,2470.35,2494.02
2019-02-27,2495.52,2502.59,2479.44,2490.65
2019-02-28,2489.09,2490.57,2468.06,2485.27
2019-03-01,2487.44,2494.89,2476.35,2478.01
2019-03-04,2478.91,2483.27,2469.5,2473.79
2019-03-05,2472.19,2473.76,2458.07,2466.23
2019-03-06,2467.7,2497.08,2467.7,2494.04
2019-03-07,2491.83,2492.61,2473.31,2476.64
2019-03-11,2474.45,2474.54,2459.78,2465.94
2019-03-12,2469.6,2479.4,2461.26,2468.25
2019-03-13,2468.26,2470.61,2452.09,2470.61
2019-03-14,2469.38,2475.85,2454.74,2457.79
2019-03-15,2459.78,2476.73,2457.36,2476.73
2019-03-18,2477.03,2488.5,2467.45,2483.7
2019-03-19,2485.05,2497.18,2484.48,2493.28
2019-03-20,2493.37,2504.23,2484.27,2504.23
2019-03-21,2505.06,2514.72,2497.99,2507.81
2019-03-22,2507.96,2509.96,2486.01,2492.7
2019-03-25,2487.89,2499.41,2473.76,2497.59
2019-03-26,2498.6,2520.02,2492.36,2512.63
2019-03-27,2510.69,2514.48,2487.48,2487.48
2019-03-28,2487.7,2497.65,2482.82,2492.4
2019-03-29,2493.77,2509.65,2486.72,2497.1
2019-04-01,2498.73,2527.06,2498.73,2521.25
2019-04-02,2523.03,2532.34,2514.55,2527.77
2019-04-03,2530.9,2549.56,2530.9,2532.32
2019-04-04,2530.56,2538.36,2523.69,2535.5
2019-04-05,2535.5,2548.52,2534.78,2540.99
2019-04-08,2542.61,2560.07,2542.61,2560.07
2019-04-09,2563.85,2574.07,2556.37,2570.28
2019-04-10,2571.7,2591.69,2565.33,2578.58
2019-04-11,2578.37,2587.09,2551.45,2551.45
2019-04-12,2550.87,2569.84,2547,2559.72
2019-04-15,2564.48,2569.92,2539.74,2545.12
2019-04-16,2547.17,2567.06,2540.35,2559.84
2019-04-17,2563.47,2574.81,2560.04,2568.26
2019-04-18,2567.34,2567.34,2547.37,2560.8
2019-04-19,2561.11,2566.88,2560.73,2563.9
2019-04-22,2567.24,2585.76,2567.24,2584.74
2019-04-23,2586.06,2599.58,2576.82,2587.48
2019-04-24,2587.07,2587.24,2567.38,2579.05
2019-04-25,2578.52,2586.93,2558.75,2560.94
2019-04-26,2560.7,2563.72,2547.87,2563.72
2019-04-29,2564.09,2577.46,2556.71,2569.83
2019-04-30,2570.19,2570.33,2552.86,2559.32
2019-05-02,2558.81,2580.92,2557.69,2575.22
2019-05-03,2574.11,2587.09,2572.84,2580.95
2019-05-06,2569.28,2579.75,2552.34,2579.75
2019-05-07,2579.59,2583.18,2556.98,2565.1
2019-05-08,2563.66,2564.38,2544.43,2544.43
2019-05-10,2538.16,2540.33,2511.16,2514.87
2019-05-13,2512.23,2531.54,2506.47,2508.87
2019-05-14,2508.93,2566.92,2508.93,2562.33
2019-05-15,2569.33,2576.56,2549.17,2554.49
2019-05-16,2552.69,2590.46,2552.34,2581.11
2019-05-17,2576.45,2587.26,2569.1,2577.48
2019-05-20,2582.01,2588.39,2567.11,2571.65
2019-05-21,2575.15,2619.77,2572.36,2616.53
2019-05-22,2619.66,2645.7,2610.46,2638.71
2019-05-23,2634.19,2634.19,2615.7,2618.61
2019-05-24,2621.94,2642.4,2616.56,2619.24
2019-05-27,2620,2632.95,2617.63,2632.95
2019-05-28,2634.13,2640.81,2596.3,2609.78
2019-05-29,2607.11,2642.23,2600.79,2641.15
2019-05-30,2645,2665.28,2642.27,2659.52
2019-05-31,2655.76,2665.42,2639.19,2665.33
2019-06-03,2660.64,2743.81,2649.78,2729.93
2019-06-04,2726.06,2731.1,2690.13,2706.29
2019-06-05,2706.66,2713.82,2690.43,2701.84
2019-06-06,2701.55,2731.73,2700.3,2728.25
2019-06-07,2734.94,2743.11,2725.43,2729.61
2019-06-10,2734.16,2746.8,2725.65,2742.59
2019-06-11,2718.13,2759.57,2717.75,2751.75
2019-06-13,2750.42,2759.16,2734.4,2758.36
2019-06-14,2757.58,2772.06,2738.62,2739.28
2019-06-17,2737.97,2757.89,2728.61,2734.31
2019-06-18,2732.47,2761.69,2723.99,2761.69
2019-06-19,2763.07,2775.83,2751.58,2759.12
2019-06-20,2758.53,2788.19,2758.53,2780.2
2019-06-21,2777.54,2779.32,2750.54,2761.23
2019-06-24,2762.17,2772.37,2758.18,2762.65
2019-06-25,2761.39,2763.88,2738.34,2753.96
2019-06-26,2754.91,2778.25,2751.51,2775.14
2019-06-27,2774.75,2790.59,2765.61,2779.66
2019-06-28,2777.94,2786.66,2761.46,2765.85
2019-07-01,2777.08,2813.44,2777.08,2801.47
2019-07-02,2802.82,2810.02,2795.36,2809.81
2019-07-03,2810.1,2827.76,2799.6,2823.95
2019-07-04,2823.33,2842.78,2813.66,2842.78
2019-07-05,2842.97,2848.4,2827.96,2835.35
2019-07-08,2823.14,2823.67,2806.97,2822.55
2019-07-09,2821.89,2835.18,2816.79,2822.66
2019-07-10,2824.79,2833.18,2808.76,2822.75
2019-07-11,2825.2,2828.72,2779.41,2789.66
2019-07-12,2787.09,2788.7,2760.46,2777.58
2019-07-15,2783.45,2785.8,2755.43,2756.44
2019-07-16,2754.05,2757.35,2736.44,2755.88
2019-07-17,2715.67,2726.22,2704.28,2713.17
2019-07-18,2705.63,2714.55,2694.74,2702.59
2019-07-19,2710.44,2726.89,2700.54,2700.57
2019-07-22,2699.31,2705.07,2684.25,2684.25
2019-07-23,2686.98,2709.24,2683.39,2701.06
2019-07-24,2706.73,2708.5,2677.35,2682.91
2019-07-25,2679.38,2723.44,2665.21,2701.02
2019-07-26,2697.21,2733.32,2694.84,2715.68
2019-07-29,2715.74,2732.86,2714.44,2728.27
2019-07-30,2730.38,2735.21,2714.01,2734.68
2019-07-31,2737.8,2750.06,2723.54,2739.5
2019-08-01,2727.68,2737.91,2722.48,2729.42
2019-08-02,2707.65,2716.6,2673.97,2674.9
2019-08-05,2666.85,2676.61,2645.12,2649.16
2019-08-06,2654.34,2686.86,2654.11,2683.35
2019-08-07,2683.11,2696.53,2666.41,2674.98
2019-08-08,2693.17,2707.62,2693.17,2696.69
2019-08-09,2696.65,2700.95,2678.07,2679.71
2019-08-12,2687.12,2698.39,2682.05,2689.93
2019-08-13,2688.92,2697.53,2665.35,2680.12
2019-08-14,2684.63,2687.93,2630.82,2637.04
2019-08-15,2643.53,2651.23,2620.2,2625.58
2019-08-16,2636.29,2640.92,2615.2,2615.2
2019-08-19,2627.47,2653.31,2619.39,2648.09
2019-08-20,2651.1,2675.26,2647.4,2672.84
2019-08-21,2677.55,2679.46,2665.1,2673.95
2019-08-22,2673.77,2680.65,2662.31,2675.13
2019-08-23,2679.23,2682.95,2656.97,2660.74
2019-08-26,2651.09,2672.19,2640.05,2658.24
2019-08-27,2660.76,2663.14,2636.99,2659.35
2019-08-28,2658.17,2677.99,2649.54,2677.31
2019-08-29,2679.8,2714.37,2679.11,2714.25
2019-08-30,2716.69,2740.04,2715.3,2740.04
2019-09-02,2742.3,2774.77,2735.11,2773.01
2019-09-03,2770.86,2781.06,2757.85,2774.2
2019-09-04,2787.37,2799.84,2784.96,2793.36
2019-09-05,2800.97,2815.84,2796.19,2807.06
2019-09-06,2805.95,2805.95,2780.76,2797.55
2019-09-09,2802.49,2810.91,2777.63,2786.63
2019-09-10,2784.8,2791.02,2767.29,2787.52
2019-09-11,2788.19,2819.75,2782.95,2817.05
2019-09-12,2816.06,2816.06,2789.14,2799.99
2019-09-13,2795.85,2801.28,2777.23,2791.74
2019-09-16,2810.78,2834.32,2803.89,2834.32
2019-09-17,2832.42,2847.01,2807.33,2820.86
2019-09-18,2818.93,2824.25,2809.67,2818.6
2019-09-19,2815.49,2816.57,2794.17,2794.77
2019-09-20,2794.82,2796.41,2777.83,2796.41
2019-09-23,2793.03,2793.03,2769.6,2785.46
2019-09-24,2785.57,2789.61,2749.86,2754.53
2019-09-25,2749.13,2760.29,2739.11,2760.29
2019-09-26,2755.6,2779.78,2754.84,2772.7
2019-09-27,2772.58,2777.19,2757.98,2757.98
2019-09-30,2759.94,2764.31,2744.47,2747.18
2019-10-01,2749.83,2781.33,2748.51,2758.83
2019-10-02,2756.86,2758.5,2716.73,2719.39
2019-10-03,2719.65,2722.74,2696.58,2707.47
2019-10-04,2707.9,2717.7,2687,2692.55
2019-10-07,2695.54,2721.16,2686.15,2719.22
2019-10-08,2720.17,2724.62,2700.46,2707.89
2019-10-09,2704.71,2724.83,2702.56,2713.02
2019-10-10,2709.39,2725.49,2695.82,2721.51
2019-10-11,2723.36,2733.78,2703.85,2708.07
2019-10-14,2710.56,2716.15,2692.59,2697.46
2019-10-15,2696.6,2715.26,2691.29,2715.26
2019-10-16,2714.81,2745,2714.81,2744.35
2019-10-17,2744.43,2754.7,2738.92,2748.64
2019-10-18,2747.8,2758.73,2742.24,2752.91
2019-10-21,2759.79,2767.76,2751.95,2761.15
2019-10-22,2766.21,2802.23,2762.49,2802.23
2019-10-23,2797.44,2821.89,2789.75,2821.58
2019-10-24,2822.37,2877.05,2822.1,2877.05
2019-10-25,2876.1,2879.42,2848.4,2873.41
2019-10-28,2879.37,2899.65,2850.32,2856.91
2019-10-29,2858.42,2886.48,2845.28,2886.48
2019-10-30,2882.07,2913.48,2874.17,2911.15
2019-10-31,2917.22,2936.26,2884.3,2893.98
2019-11-01,2895.47,2930.4,2886.59,2930.4
2019-11-05,2950.78,2965.48,2936.48,2949.55
2019-11-06,2949.7,2980.84,2935.15,2980.84
2019-11-07,2977.67,3009.11,2966.2,3008.54
2019-11-08,2997.85,2997.85,2958.55,2973.19
2019-11-11,2965.84,2972.39,2953.23,2961.46
2019-11-12,2963.7,2983.48,2944,2951.16
2019-11-13,2942.4,2942.4,2924.23,2933.89
2019-11-14,2938.6,2948.98,2902.91,2922.45
2019-11-15,2925.31,2938.15,2914.05,2934.82
2019-11-18,2947.39,2956.59,2914.25,2924.48
2019-11-19,2928.1,2942.49,2923.1,2941.69
2019-11-20,2935.64,2948.89,2914.95,2936.47
2019-11-21,2940.78,2947.57,2930.68,2942.6
2019-11-22,2939.36,2968.47,2935.21,2947.68
2019-11-25,2953.11,2959.76,2945.33,2955.32
2019-11-26,2954.84,2963.92,2922.89,2930.62
2019-11-27,2932.25,2945.6,2922.48,2929.05
2019-11-28,2926.3,2931.48,2911.8,2927.57
2019-11-29,2925.76,2936.24,2911.56,2935.37
2019-12-02,2937.69,2958.84,2920.33,2921.18
2019-12-03,2917.46,2922.81,2882.65,2883.48
2019-12-04,2887.39,2909.11,2875.5,2900.66
2019-12-05,2903.5,2909.59,2882.8,2899.29
2019-12-06,2900.78,2928.76,2897.56,2928.76
2019-12-09,2932.08,2947.68,2926.1,2945.03
2019-12-10,2943.03,2948.94,2920.93,2932.4
2019-12-11,2932.43,2959.12,2932.43,2954.4
2019-12-12,2966.24,2996.82,2965.1,2982.86
2019-12-13,2990.92,3000.1,2984.92,2996.63
2019-12-16,3001.42,3012.21,2994.44,3006.16
2019-12-17,3012.49,3019.95,3005.61,3013.29
2019-12-18,3011.37,3023.92,3004.27,3023.92
2019-12-19,3012.29,3027.88,2998.05,3008.39
2019-12-20,3015.64,3021.05,3004.21,3015.93
2019-12-23,3009.89,3033.81,3009.07,3033.81
2019-12-24,3035.86,3039.92,3025.92,3030.59
2019-12-25,3032.41,3036.81,3024.89,3030.84
2019-12-26,3025.58,3034.63,3021.62,3031.67
2019-12-27,3029.12,3054.03,3029.12,3050.47
2019-12-30,3051.41,3060.2,3042.34,3045.87
2020-01-03,3059.2,3086.09,3057.36,3076.37
2020-01-06,3075.55,3079.42,3059.47,3078.87
2020-01-08,3076.63,3112.01,3071.88,3110.06
2020-01-09,3105.21,3124.6,3094.85,3118.08
2020-01-10,3117.24,3130.92,3101.21,3123.66
2020-01-13,3124.96,3151.69,3117.03,3151.69
2020-01-14,3155.63,3166.07,3126,3129.77
2020-01-15,3128.38,3148.29,3106.41,3132.63
2020-01-16,3137.52,3163.2,3137.52,3157.23
2020-01-17,3161.25,3198.32,3159.23,3196.88
2020-01-20,3205.64,3226.89,3204.32,3219.92
2020-01-21,3212.72,3213.38,3185.65,3209.22
2020-01-22,3212.91,3222.93,3174.62,3174.62
2020-01-23,3162.68,3170.41,3135.15,3141.2
2020-01-24,3147.28,3165.86,3134.7,3146.2
2020-01-27,3123.71,3123.71,3076.68,3085.16
2020-01-28,3097.71,3115.62,3068.67,3113.1
2020-01-29,3125.91,3140.77,3115.64,3128.8
2020-01-30,3108.38,3121.54,3096.31,3108.58
2020-01-31,3133.4,3143.29,3076.65,3076.65
2020-02-03,3062.27,3085.89,3058.48,3070.84
2020-02-04,3082.2,3105.98,3071.79,3097.6
2020-02-05,3105.52,3137.97,3083.26,3114.25
2020-02-06,3132.84,3145.15,3086.91,3096.68
2020-02-07,3101.08,3108.28,3056.85,3087.63
2020-02-10,3088.63,3092.93,3049.33,3062.41
2020-02-11,3072.39,3109.22,3069.9,3097.58
2020-02-12,3103.81,3122.27,3095.7,3122.27
2020-02-13,3116.99,3122.19,3096.98,3110.05
2020-02-14,3113.72,3120.89,3084.57,3096.88
2020-02-17,3097.18,3110.06,3092.45,3110.06
2020-02-18,3103.71,3104.42,3064.15,3074.05
2020-02-19,3089.09,3117.84,3086.41,3114.57
2020-02-20,3120.51,3139.59,3117.5,3125.1
2020-02-21,3109.86,3129.24,3098.76,3106.03
2020-02-25,3058.33,3073.27,3002.68,3002.68
2020-02-26,2994.22,3026.26,2958.46,3017.42
2020-02-27,2989.18,3002.2,2910.46,2915.84
2020-02-28,2850.11,2855.32,2744.18,2785.08
2020-03-02,2829.47,2875.3,2714.36,2765.77
2020-03-03,2817.58,2844.04,2789.76,2821.37
2020-03-04,2799.18,2841.13,2779.85,2828.01
2020-03-05,2852.42,2861.6,2800.43,2816.7
2020-03-06,2773.53,2782.77,2680.06,2719.51
2020-03-10,2502.7,2661.63,2435.62,2498.94
2020-03-11,2532.72,2555.43,2457.36,2492.88
2020-03-12,2413.02,2413.02,2277.58,2286.4
2020-03-13,2277.66,2418.15,2275.16,2316.38
2020-03-16,2297.04,2301.19,2179.12,2266.9
2020-03-17,2263.62,2313.34,2172.46,2224.74
2020-03-18,2192.79,2205.41,2097.84,2112.64
2020-03-19,2134.43,2288.09,2073.87,2275.7
2020-03-20,2327.27,2418.74,2314.75,2331.61
2020-03-23,2257.88,2321.76,2213.49,2253.35
2020-03-24,2349.47,2435.27,2341.21,2415.97
2020-03-25,2459.3,2518.38,2372.34,2452.69
2020-03-26,2448.76,2514.92,2403.6,2489.97
2020-03-27,2491.7,2498.33,2378.88,2401.11
2020-03-30,2377.21,2435.53,2357.53,2433.35
2020-03-31,2466.28,2526.13,2459.19,2508.81
2020-04-01,2465.56,2491.66,2449.01,2473.61
2020-04-02,2528.72,2562.54,2470.85,2545.95
2020-04-03,2547.15,2609.16,2533.06,2572.23
2020-04-06,2597.28,2639.56,2576.28,2622.59
2020-04-07,2648.74,2688.67,2612.96,2634.74
2020-04-08,2617.66,2670.12,2603.99,2670.12
2020-04-09,2693.58,2713.5,2643.98,2701.77
2020-04-10,2678.3,2680.89,2656.45,2677.86
2020-04-13,2675.73,2677.9,2610.61,2628.85
2020-04-14,2649.34,2667.58,2619.91,2631.83
2020-04-15,2617.19,2617.19,2489.99,2498.94
2020-04-16,2511.55,2550.84,2468.65,2515.05
2020-04-17,2550.95,2556.42,2516.87,2534.97
2020-04-20,2524.31,2546.14,2502.38,2525.97
2020-04-21,2487.63,2500.18,2431.98,2488.02
2020-04-22,2474.32,2584.68,2471.23,2573.41
2020-04-23,2600.28,2620.24,2558.32,2599.41
2020-04-24,2588.29,2596.97,2551.66,2562.03
2020-04-27,2570.69,2597.64,2557.81,2570.91
2020-04-28,2567.74,2644.79,2566.92,2612.24
2020-04-29,2629.24,2669.47,2617.34,2663.14
2020-04-30,2683.86,2700.97,2629.57,2650.56
2020-05-04,2623.89,2641.03,2599.74,2624.64
2020-05-05,2652.92,2666.38,2634.49,2653.51
2020-05-06,2659.08,2674.94,2626.68,2632.1
2020-05-07,2632.87,2664.99,2627.43,2634
2020-05-08,2647.8,2648.45,2613.83,2641.55
2020-05-12,2635.51,2651.97,2620.35,2642.04
2020-05-13,2630.79,2630.79,2601.25,2604.98
2020-05-14,2596.13,2606.95,2564.44,2590.31
2020-05-15,2616.14,2633.29,2593.91,2593.91
2020-05-18,2623.61,2694.25,2623.61,2694.25
2020-05-19,2702.34,2720.06,2683.81,2711.72
2020-05-20,2706.07,2771.27,2700.64,2770.79
2020-05-21,2767.97,2794.6,2702.67,2718.67
2020-05-22,2691.58,2718.48,2687.18,2709.38
2020-05-25,2718.72,2757.93,2718.72,2757.93
2020-05-26,2777.72,2796.85,2750.51,2754.04
2020-05-27,2748.25,2780.05,2711.9,2741.02
2020-05-28,2748.03,2781.25,2737.94,2779.98
2020-05-29,2766.62,2766.62,2717.8,2734.83
2020-06-01,2761.23,2773.56,2733.28,2750.24
2020-06-02,2760.63,2796.52,2754.85,2796.51
2020-06-03,2812.82,2835.06,2792.24,2831.08
2020-06-04,2822.59,2825.48,2757.61,2766.26
2020-06-05,2780.32,2800.81,2769.51,2792.74
2020-06-08,2806.81,2825.31,2782.92,2796.3
2020-06-09,2804.36,2813.48,2765.15,2795.9
2020-06-10,2795.1,2803.35,2768.3,2785.18
2020-06-11,2756.98,2758.83,2726.15,2743.8
2020-06-15,2705.64,2720.4,2670.41,2719.06
2020-06-16,2745.49,2779.71,2741.84,2748.3
2020-06-17,2758.97,2771.26,2733.9,2740.1
2020-06-18,2734.84,2738.04,2700.54,2724.33
2020-06-19,2739.04,2769.86,2738.45,2758.67
2020-06-22,2754.42,2763.29,2726.65,2763.29
2020-06-23,2773.33,2794.43,2767.46,2791.97
2020-06-25,2750.08,2771.6,2740.02,2760.75
2020-06-26,2780.02,2784.89,2746.78,2761.74
2020-06-29,2749.54,2767.95,2737.86,2767.95
2020-06-30,2770.69,2778.09,2743.2,2743.2
2020-07-02,2762.56,2789.92,2758.92,2788.79
2020-07-03,2789.27,2803.32,2782.65,2801.66
2020-07-06,2825.88,2855.94,2825.51,2835.18
2020-07-07,2829.33,2835.76,2814.4,2825.21
2020-07-08,2815.52,2823,2806.5,2815.83
2020-07-09,2805.85,2810.74,2773.48,2782.43
2020-07-10,2768.67,2800.94,2765.49,2800.94
2020-07-13,2805.52,2818.1,2765.09,2766.79
2020-07-14,2751.98,2752.09,2703.35,2744.54
2020-07-15,2728.59,2763.2,2724.35,2747.91
2020-07-16,2741.68,2762.68,2734.3,2760.01
2020-07-17,2757.04,2774.79,2752.51,2774.79
2020-07-20,2771.85,2802.24,2758.69,2802.24
2020-07-21,2814.99,2849.18,2813.4,2825.71
2020-07-22,2824.5,2844.12,2815.03,2834.65
2020-07-23,2848.41,2866.78,2843.93,2851.79
2020-07-24,2835.15,2863.12,2822.26,2863.12
2020-07-27,2869.69,2896.28,2869.69,2884.88
2020-07-28,2891.34,2907.03,2877.4,2895.45
2020-07-29,2893.54,2918.42,2889.69,2918.42
2020-07-30,2915.94,2919.35,2869.99,2882.63
2020-07-31,2902.81,2917.69,2899.58,2911.57
2020-08-03,2917.68,2942.77,2911.19,2929.97
2020-08-04,2934.91,2942.06,2923.36,2940.46
2020-08-05,2954.41,2994.08,2952.15,2992.78
2020-08-06,2998.53,3004.83,2981.79,2988.5
2020-08-07,2992.26,2994.46,2968.48,2972.35
2020-08-10,2976.49,2998.78,2960.78,2960.78
2020-08-11,2959.29,3012.58,2959.29,3005.63
2020-08-12,2990.9,3053.99,2985.25,3053.99
2020-08-13,3057.63,3081.15,3047.74,3080.44
2020-08-14,3075.96,3075.96,3044.71,3061.99
2020-08-17,3070.81,3090.42,3041.99,3052.46
2020-08-18,3056.72,3073.85,3048.31,3050.7
2020-08-19,3048.22,3073.84,3041.43,3056.54
2020-08-20,3044.92,3044.92,2993.69,2993.69
2020-08-21,3013.4,3024.71,2973.11,2995.61
2020-08-24,3005.86,3036.63,3005.86,3029.42
2020-08-25,3042.58,3051.27,3020.46,3029.05
2020-08-26,3041.19,3053.9,3024.04,3051.97
2020-08-27,3051.2,3056.25,3002.1,3012.01
2020-08-28,3015.7,3015.7,2976.34,2980.17
2020-08-31,2993.02,3012.44,2962.06,2966.2
2020-09-01,2976.07,2993.28,2967.96,2975
2020-09-02,2989.76,3002.25,2946.29,2956.5
2020-09-03,2954.62,2967.61,2917.24,2931.92
2020-09-04,2920.22,2944.66,2910.39,2921.55
2020-09-07,2929.38,2947.17,2925.55,2932.29
2020-09-08,2937.18,2948.88,2875.96,2888.79
2020-09-09,2880.83,2899.17,2872.92,2876.07
2020-09-10,2888.09,2897.55,2858.65,2897.55
2020-09-11,2888.92,2911.71,2874.47,2910.51
2020-09-14,2918.29,2938.24,2918.29,2928.38
2020-09-15,2936.42,2982.2,2932.36,2980.58
2020-09-16,2982.49,2990.74,2960.68,2975.01
2020-09-17,2947.54,2974.54,2945.78,2971.74
2020-09-18,2976.1,2977.13,2944.22,2951.79
2020-09-21,2946.18,2946.18,2857.78,2863.67
2020-09-22,2874,2907.98,2868.38,2884.66
2020-09-23,2933.33,2968.55,2916.27,2916.39
2020-09-24,2905.55,2920.46,2880.39,2912.76
2020-09-25,2912.83,2912.83,2870.16,2896.83
2020-09-28,2909.62,2938.94,2909.62,2927.17
2020-09-29,2935.77,2947.75,2889.22,2910.12
2020-09-30,2908.55,2920.03,2893.8,2905.81
2020-10-01,2911.08,2919.25,2882.81,2889.8
2020-10-02,2840.72,2859.01,2824.69,2852.42
2020-10-05,2860.53,2882.94,2845.63,2881.98
2020-10-06,2885.38,2906.65,2883.69,2892.99
2020-10-07,2883.58,2888.2,2838.45,2842.58
2020-10-08,2850.65,2859.87,2837.05,2846.39
2020-10-09,2842.59,2842.59,2811.05,2834.09
2020-10-12,2834.33,2862.36,2827.52,2846.14
2020-10-13,2846.04,2859.52,2822.97,2829.23
2020-10-14,2829.88,2857.47,2824.12,2856.08
2020-10-15,2849.24,2850.11,2803.9,2817.29
2020-10-16,2819.04,2819.04,2785.85,2799.54
2020-10-19,2797.65,2809.42,2787.5,2794.27
2020-10-20,2785.99,2817.73,2774.16,2803.06
2020-10-21,2811.87,2816.9,2782.36,2786.23
2020-10-22,2784.18,2814.12,2783.37,2803.17
2020-10-23,2807.3,2826.53,2799.63,2816.7
2020-10-26,2812.48,2819.05,2785.59,2785.59
2020-10-27,2784.13,2790.19,2758,2763.03
2020-10-28,2758.84,2758.84,2680.83,2693.46
2020-10-29,2704.5,2728.97,2682.68,2709.04
2020-10-30,2698.94,2706.34,2664.44,2690.59
2020-11-02,2681.19,2743.98,2658.49,2737.54
2020-11-03,2753.97,2791.77,2750.26,2786.42
2020-11-05,2824.45,2869.91,2812.67,2861.39
2020-11-06,2845.74,2896.07,2832.98,2895.62
2020-11-09,2919.08,2988.88,2910.42,2987.75
2020-11-10,2965.92,3013.57,2943.43,2998.61
2020-11-11,3004.63,3031.69,3004.2,3015.03
2020-11-12,2997.79,3028.52,2988.03,3025.83
2020-11-13,3007.16,3027.45,2995.17,3025.22
2020-11-16,3054.35,3081.28,3046.77,3079.74
2020-11-17,3081.05,3087.19,3027.76,3052.22
2020-11-18,3046.02,3086.77,3035.57,3080.68
2020-11-19,3067.06,3071.25,3040.66,3046.49
2020-11-20,3050.81,3060.91,3035.56,3051.04
2020-11-23,3066.64,3094.06,3042.61,3047.06
2020-11-24,3071.8,3098.83,3053.16,3095.84
2020-11-25,3111.75,3134.71,3089.16,3134.52
2020-11-26,3141.43,3149.9,3119.46,3138.62
2020-11-27,3132.55,3150.78,3112.44,3142.68
2020-11-30,3130.88,3134.79,3093.77,3107.58
2020-12-01,3113.06,3159.03,3113.06,3147.79
2020-12-02,3150.66,3189.61,3139.92,3189.61
2020-12-03,3185.78,3192.98,3141.4,3162.67
2020-12-04,3171.44,3200.23,3171.44,3184.72
2020-12-07,3179.14,3208.53,3172.29,3195.08
2020-12-08,3184.93,3198.1,3150.84,3179.61
2020-12-09,3184.24,3226.48,3182.54,3211.66
2020-12-10,3194.03,3258.31,3189.04,3258.31
2020-12-11,3257.47,3278.24,3248.11,3276.58
2020-12-14,3293,3314.2,3249.36,3254.83
2020-12-15,3252.68,3284.84,3237.87,3248.11
2020-12-16,3259.89,3275.68,3242.7,3269.95
2020-12-17,3277.67,3318.39,3274.45,3282.67
2020-12-18,3281.59,3283.32,3245.25,3273.75
2020-12-21,3246.9,3246.9,3170.03,3186.38
2020-12-22,3179.69,3249.19,3175.51,3236.46
2020-12-23,3224.02,3255.4,3218.19,3252.1
2020-12-24,3253.73,3264.6,3230.62,3236.88
2020-12-25,3236.38,3248.63,3228.74,3246.35
2020-12-28,3249.41,3267.61,3249.41,3258.95
2020-12-29,3269.71,3282.23,3264.33,3274.67
2020-12-30,3276.04,3294.62,3267.39,3289.02
2021-01-04,3306.12,3350.81,3304.17,3350.51
2021-01-05,3327.94,3365.32,3301.88,3359.15
2021-01-06,3373.37,3380.63,3344.43,3371.03
2021-01-08,3390.23,3474.66,3390.23,3454.82
2021-01-11,3455.67,3516.9,3436.66,3482.48
2021-01-12,3494.6,3520.66,3451.87,3471.65
2021-01-13,3487.92,3504.56,3448.94,3470.26
2021-01-14,3461.83,3507.71,3439.01,3490.85
2021-01-15,3486.02,3509.24,3448.54,3450.95
2021-01-18,3440.56,3475.18,3426.11,3471.92
2021-01-19,3479.53,3491.93,3439.64,3443.23
2021-01-20,3453.54,3482.03,3447.81,3466.8
2021-01-21,3481.74,3489.07,3407.22,3422.67
2021-01-22,3404.36,3404.36,3362.01,3382.92
2021-01-25,3399.28,3425.78,3385.74,3397.48
2021-01-26,3384.99,3408.13,3374.1,3390.76
2021-01-27,3398.38,3408.64,3333.04,3343.62
2021-01-28,3319.16,3359.1,3307.42,3342.01
2021-01-29,3335.13,3337.01,3272.53,3277.08
2021-02-01,3287.96,3305.91,3268.52,3291.14
2021-02-02,3324.24,3366.13,3321.7,3360.25
2021-02-03,3351.99,3376.83,3332.5,3343.46
2021-02-04,3356.23,3384.48,3351.94,3372
2021-02-05,3396.97,3406.22,3368.58,3392.73
2021-02-08,3412.97,3448.79,3412.97,3445.9
2021-02-09,3461.15,3466.51,3424.39,3426.86
2021-02-10,3437.76,3447.05,3393.98,3399.66
2021-02-11,3405.33,3416.4,3390.22,3414.32
2021-02-12,3403.07,3427.08,3343.82,3427.08
2021-02-15,3461.94,3483.34,3455.95,3481.9
2021-02-16,3502.04,3510.77,3475.58,3495.26
2021-02-17,3491.81,3505.19,3431.83,3436.8
2021-02-18,3451.69,3461.15,3395.98,3400.17
2021-02-19,3398.4,3460.85,3380.89,3457.68
2021-02-20,3454.43,3455.13,3435.42,3446.32
2021-02-22,3447.57,3456.26,3415.37,3433.93
2021-02-24,3426.07,3433.09,3385.01,3385.48
2021-02-25,3412.16,3429.2,3391.77,3409.76
2021-02-26,3354.45,3385.74,3332.32,3346.64
2021-03-01,3369.68,3393.93,3354.09,3386.16
2021-03-02,3380.35,3418.11,3375.48,3410.1
2021-03-03,3432.88,3450.76,3408.47,3416.04
2021-03-04,3403.01,3416.04,3366.76,3397.56
2021-03-05,3378.68,3432.98,3367.33,3414.13
2021-03-09,3426.48,3491.12,3426.33,3478.72
2021-03-10,3476.91,3514.35,3455.42,3463.06
2021-03-11,3481.26,3508.51,3472.4,3508.51
2021-03-12,3515.44,3539.5,3502.37,3539.5
2021-03-15,3562.69,3596.31,3558.62,3584.49
2021-03-16,3600.68,3602.18,3544.29,3589.83
2021-03-17,3579.06,3587.24,3498.17,3507.91
2021-03-18,3533.69,3551.3,3494.99,3504.85
2021-03-19,3473.84,3495.98,3448.99,3475.26
2021-03-22,3479.06,3498.17,3469.09,3489.07
2021-03-23,3481.11,3483.34,3450.98,3467.21
2021-03-24,3459.99,3489.96,3445.92,3485.33
2021-03-25,3477.87,3479.83,3434.84,3439.3
2021-03-26,3476.01,3500.74,3476.01,3489.83
2021-03-29,3500.41,3535.21,3498.62,3529.33
2021-03-30,3535.72,3549.09,3504.06,3525.23
2021-03-31,3525.56,3542,3510.4,3541.72
2021-04-01,3556.28,3576.79,3526.22,3527.54
2021-04-02,3553.89,3564.31,3538.01,3558.22
2021-04-05,3555.24,3555.83,3516.22,3524.93
2021-04-06,3536.26,3541.04,3484.84,3493.89
2021-04-07,3484.22,3518.13,3460.39,3500.34
2021-04-08,3513.21,3528.39,3495.34,3507.83
2021-04-09,3510.2,3511.27,3480.85,3486.03
2021-04-12,3476.51,3541.7,3472.37,3522.65
2021-04-13,3533.3,3542.63,3511.23,3526.3
2021-04-14,3567.53,3576.89,3546.86,3576.89
2021-04-15,3532.13,3578.77,3527.5,3568.51
2021-04-16,3578.01,3598.44,3564.97,3598.44
2021-04-19,3598.47,3605.49,3565.39,3574.08
2021-04-20,3581.37,3596.19,3536.41,3552.41
2021-04-21,3554.83,3572.63,3545.15,3561.72
2021-04-22,3576.69,3607.75,3557.88,3600.35
2021-04-23,3598.76,3600.18,3579.25,3597.17
2021-04-26,3603.13,3613.37,3589.27,3610.98
2021-04-27,3615.57,3627.91,3586.39,3600.6
2021-04-28,3608.89,3613.11,3558.24,3578.12
2021-04-29,3609.38,3616.95,3565.58,3571.05
2021-04-30,3574.03,3584.64,3536.53,3544
2021-05-04,3557.62,3594.69,3556.08,3577.21
2021-05-05,3602.17,3644.15,3600.88,3643.56
2021-05-06,3636.71,3661.28,3634.45,3658.27
2021-05-07,3678.19,3688.81,3667.77,3682.69
2021-05-10,3684.18,3713.49,3675.13,3694.78
2021-05-11,3644.29,3658.81,3625.97,3652.05
2021-05-12,3659.63,3674.35,3643.22,3654.14
2021-05-13,3634.18,3647.27,3600.8,3637.38
2021-05-14,3654.73,3659.34,3623.72,3637.6
2021-05-17,3645.13,3658.78,3618.75,3639.61
2021-05-18,3670.16,3700.19,3670.1,3687.96
2021-05-19,3693.82,3693.82,3619.54,3634.76
2021-05-20,3650.07,3658.27,3603.4,3636.16
2021-05-21,3637.5,3667.87,3620.6,3660.48
2021-05-24,3665.96,3674.77,3651.09,3662.51
2021-05-25,3682.42,3693.39,3672.27,3686.76
2021-05-26,3695.29,3717.33,3694.13,3711.05
2021-05-27,3708.77,3738.68,3694.59,3738.68
2021-05-28,3750.46,3752.8,3724.52,3730.55
2021-05-31,3713.99,3731.27,3713.99,3721.63
2021-06-01,3739.57,3784.59,3739.57,3764.59
2021-06-02,3771.32,3817.68,3769.47,3817.68
2021-06-03,3833.77,3837.73,3777.98,3805.45
2021-06-04,3805.94,3816.24,3766.62,3807.43
2021-06-07,3807.96,3827.66,3793.96,3822.21
2021-06-08,3819.52,3833.17,3799.07,3807.43
2021-06-09,3821.8,3843.41,3805.82,3843.28
2021-06-10,3835.21,3847.89,3822.01,3827.71
2021-06-11,3838.98,3849.32,3828.62,3841.53
2021-06-14,3845.81,3862.39,3842.75,3860.18
2021-06-15,3864.36,3865.2,3819.64,3822.4
2021-06-16,3821.45,3836.91,3803.54,3829.67
2021-06-17,3807.32,3832.61,3801.98,3819.07
2021-06-18,3809.99,3813.5,3775.82,3802.95
2021-06-21,3797.23,3816.85,3785.49,3813.45
2021-06-22,3831.61,3835.86,3809.71,3821.68
2021-06-23,3836.12,3847.22,3820.5,3837.15
2021-06-24,3833.73,3839.64,3800.5,3823.44
2021-06-25,3818.97,3833.32,3805.7,3831.84
2021-06-28,3833.72,3852.83,3822.81,3825.57
2021-06-29,3817.72,3821.59,3768.24,3790.85
2021-06-30,3799.42,3847.3,3779.28,3841.85
2021-07-01,3843.28,3879.5,3843.16,3858.32
2021-07-02,3853.81,3877.23,3843.9,3865.42
2021-07-05,3874.81,3882.59,3863.09,3882.59
2021-07-06,3896.82,3915,3878.39,3884.3
2021-07-07,3881.88,3912.39,3879.72,3895.1
2021-07-08,3882.15,3883.47,3839.4,3861.08
2021-07-09,3865.62,3874.96,3850.57,3855.31
2021-07-12,3864.26,3882.6,3848.45,3875.61
2021-07-13,3888.32,3891.54,3852.54,3877.03
2021-07-14,3851.16,3862.73,3829.59,3832.85
2021-07-15,3826.45,3832.5,3789.31,3799.97
2021-07-16,3795.03,3812.49,3756.01,3770.15
2021-07-19,3743.97,3744.27,3679.79,3693.42
2021-07-20,3707.23,3719.09,3679.44,3704.4
2021-07-21,3718.92,3738.33,3701.95,3722.96
2021-07-22,3746.35,3758.58,3724.29,3754.44
2021-07-23,3760.33,3767.4,3724.74,3734.54
2021-07-26,3724.2,3755.52,3710.14,3750.1
2021-07-27,3756.79,3762.89,3733.1,3733.1
2021-07-28,3747.25,3782.28,3743.46,3782.28
2021-07-29,3794.4,3806.83,3789.57,3804.33
2021-07-30,3789.33,3793.4,3759.83,3771.58
2021-08-02,3791.22,3801.24,3781.43,3788.1
2021-08-03,3782.41,3797.3,3771.8,3793.69
2021-08-04,3808.44,3814.63,3795.75,3810.62
2021-08-05,3803.91,3833.81,3801.16,3833.75
2021-08-06,3836.49,3837.35,3802.44,3805.36
2021-08-09,3795.48,3839.72,3790.63,3835.11
2021-08-10,3847.12,3867.09,3843.42,3862.32
2021-08-11,3875.23,3886.78,3856.61,3877.37
2021-08-12,3879.01,3897.92,3877.23,3888.86
2021-08-13,3882.62,3895.05,3866.67,3873
2021-08-16,3862.32,3896.96,3855.62,3895.31
2021-08-17,3893.85,3944.37,3893.44,3943.01
2021-08-18,3948.43,3949.07,3912.24,3925.17
2021-08-19,3883.2,3883.42,3841.15,3853.98
2021-08-20,3868.79,3871.43,3826.27,3832.7
2021-08-23,3861.99,3884.51,3856.21,3883.01
2021-08-24,3897.56,3904.99,3864.37,3888.87
2021-08-25,3891.8,3895.62,3868.64,3886.64
2021-08-26,3876.99,3876.99,3838.63,3851.57
2021-08-27,3864.11,3887.38,3844.49,3887.38
2021-08-30,3900.96,3928.5,3900.96,3928.5
2021-08-31,3934.1,3938.68,3904.72,3918.96
2021-09-01,3924.32,3972.68,3924.32,3971.02
2021-09-02,3983.68,3994.77,3968.06,3990.77
2021-09-03,3976.62,4001.7,3964.22,4001.7
2021-09-06,4004.61,4028.25,4003.49,4028.25
2021-09-07,4036.41,4043.51,4004.9,4010.16
2021-09-08,4015.35,4030.72,3984.64,4017.37
2021-09-09,4007.82,4009.66,3982.6,3993.56
2021-09-10,3993.53,4008.56,3987.53,4002.66
2021-09-13,4012.97,4041.83,4001.63,4041.16
2021-09-14,4051.81,4061.99,4037.23,4055.7
2021-09-15,4059.08,4081.98,4049.69,4065.53
2021-09-16,4069.19,4073.72,4028.08,4045.1
2021-09-17,4043.51,4054.38,4013.62,4035.17
2021-09-20,3988.45,3991.39,3955.19,3969.61
2021-09-21,3980.02,3994.56,3962.05,3970.48
2021-09-22,4001.79,4032.38,3999.82,4030.98
2021-09-23,4051.36,4058.15,4020.5,4052.14
2021-09-24,4055.37,4057.09,4017.2,4038.23
2021-09-27,4069.55,4083.61,4061.71,4081.22
2021-09-28,4109.66,4112.31,4050.95,4065.46
2021-09-29,4045.16,4076.61,4038.06,4058.37
2021-09-30,4079.46,4106.72,4064.5,4103.52
2021-10-01,4078.59,4104.78,4065.4,4086.99
2021-10-04,4106.89,4131.39,4100.85,4112.72
2021-10-05,4129.53,4225.16,4129.53,4223.85
2021-10-06,4263.87,4267.29,4163.62,4171.71
2021-10-07,4222.78,4239.14,4179.39,4228.02
2021-10-08,4233.58,4254.36,4216.72,4238
2021-10-11,4259.38,4284.53,4247.2,4279.87
2021-10-12,4259.03,4275.6,4250.03,4263.8
2021-10-13,4260.44,4260.44,4189.91,4243.92
2021-10-14,4280.76,4292.68,4259.13,4259.13
2021-10-15,4278.51,4282.15,4247.79,4261.82
2021-10-18,4254.91,4257.83,4225.42,4248.33
2021-10-19,4256.24,4279.2,4235.81,4276.26
2021-10-20,4284.91,4290.99,4258.14,4287.52
2021-10-21,4276.94,4282.46,4214.82,4218.63
2021-10-22,4218.5,4246.22,4196.96,4196.96
2021-10-25,4216.43,4254.98,4184.74,4254.98
2021-10-26,4254.59,4259.83,4233.8,4235.87
2021-10-27,4216.76,4234.99,4190.68,4229.53
2021-10-28,4210.78,4220.23,4157.39,4189.66
2021-10-29,4186.35,4186.7,4116.29,4150
2021-11-01,4155.24,4224.51,4155.24,4221.49
2021-11-02,4235.89,4245.32,4196.75,4207.53
2021-11-03,4192.14,4192.14,4158.17,4184.87
2021-11-05,4179.03,4181.87,4159.92,4174.76
2021-11-08,4203.65,4220.88,4188.59,4218.27
2021-11-09,4207.59,4225.82,4181.75,4187.33
2021-11-10,4192.62,4196.22,4151.6,4172.47
2021-11-11,4141.62,4189.35,4126.52,4189.35
2021-11-12,4181.7,4181.7,4089.32,4121.66
2021-11-15,4121.5,4162.02,4111.04,4135.14
2021-11-16,4147.69,4158.31,4094.15,4120.02
2021-11-17,4120.23,4149.02,4101.96,4149.02
2021-11-18,4120.81,4150.57,4082.17,4093.85
2021-11-19,4121.74,4127,4000.26,4016.47
2021-11-22,4008.13,4017.02,3872.77,3872.77
2021-11-23,3832.33,3974.76,3776.61,3960.33
2021-11-24,4001.89,4021.25,3913.39,3950.56
2021-11-25,3964.25,3990.95,3932.55,3947.82
2021-11-26,3852.99,3876.13,3810.75,3810.98
2021-11-29,3872.19,3928.52,3846.12,3879.54
2021-11-30,3828.25,3902.72,3827.55,3890.59
2021-12-01,3907.17,3962.22,3900.16,3959.29
2021-12-02,3940.09,3972.85,3914.43,3947.54
2021-12-03,3967.88,3977.16,3905.38,3913.06
2021-12-06,3937.15,3938.1,3800.76,3810.1
2021-12-07,3860.83,3880.84,3810.03,3873.2
2021-12-08,3904.84,3915.65,3773.61,3773.61
2021-12-09,3801.67,3847.76,3780.3,3813.29
2021-12-10,3806.97,3814.06,3760.23,3760.23
2021-12-13,3790.1,3794.52,3613.88,3618.31
2021-12-14,3533.82,3638.49,3532.29,3619.39
2021-12-15,3653.16,3666.53,3608.6,3621.82
2021-12-16,3705.57,3755.07,3701.35,3750.36
2021-12-17,3725.04,3739.59,3696.5,3723.27
2021-12-20,3657.65,3674.71,3629.61,3669.05
2021-12-21,3705.33,3713.68,3670.16,3693.02
2021-12-22,3715.2,3759.67,3699.06,3746.75
2021-12-23,3745.52,3751.37,3691.04,3704.6
2021-12-24,3700.34,3703.72,3653.63,3702.72
2021-12-27,3711.77,3742.12,3709.19,3740.63
2021-12-28,3766.5,3790.44,3751,3777.56
2021-12-29,3756.54,3770.09,3727.35,3741.07
2021-12-30,3753.92,3789.61,3740.93,3787.26
2022-01-03,3825.3,3866.15,3823.5,3852.5
2022-01-04,3880.2,3892.33,3846.81,3873.49
2022-01-05,3857.9,3875.25,3805.06,3815.05
2022-01-06,3758.68,3784.17,3720.17,3753.29
2022-01-07,3772.04,3772.04,3772.04,3772.04
2022-01-10,3798.43,3806.84,3726.73,3738.68
2022-01-11,3764.56,3800.91,3751.45,3785.29
2022-01-12,3797.31,3841.72,3783.92,3829.95
2022-01-13,3814.98,3818.97,3664.48,3674.73
2022-01-14,3703.9,3723.62,3512.03,3596.98
2022-01-17,3633.01,3651.36,3501.94,3560.35
2022-01-18,3527.77,3534.56,3297.12,3328.94
2022-01-19,3290.31,3500.27,3256.6,3436.82
2022-01-20,3519.02,3533.61,3403.74,3516.02
2022-01-21,3420.12,3503.84,3407.27,3439.25
2022-01-24,3426.19,3426.47,3158.46,3235.28
2022-01-25,3316.98,3330.9,3229.45,3258.74
2022-01-26,3341.71,3412.15,3276.06,3357.66
2022-01-27,3296.47,3525.94,3284.49,3455.93
2022-01-28,3508.57,3534.4,3446.01,3488.6
2022-01-31,3524.11,3566.05,3518.55,3530.38
2022-02-01,3564.55,3584.71,3531.35,3548.17
2022-02-02,3574.87,3580.22,3516.17,3543.8
2022-02-03,3498.76,3519.23,3446.65,3471.18
2022-02-04,3499.32,3556.32,3464.14,3471.01
2022-02-07,3511.39,3521.26,3437.93,3470.78
2022-02-08,3497.18,3551.65,3487.64,3551.65
2022-02-09,3593,3638.93,3580.45,3638.93
2022-02-10,3628.51,3655.76,3592.75,3655.76
2022-02-11,3579.69,3596.74,3514.12,3546.62
2022-02-14,3442.82,3524.87,3404.35,3481.38
2022-02-15,3532,3614.15,3514.98,3600.29
2022-02-16,3682.94,3683.95,3608.01,3646.41
2022-02-17,3588.27,3595.12,3498.2,3511.08
2022-02-18,3547.04,3565.52,3371.05,3393.31
2022-02-21,3458.73,3460.42,2910.49,3036.88
2022-02-22,2909.4,3113.4,2756.46,3084.74
2022-02-24,2735.88,2740.31,1681.55,2058.12
2022-02-25,2261.33,2552.46,2256.09,2470.48
2022-03-24,2474.52,2761.17,2447.68,2578.51
2022-03-25,2620.62,2664.74,2470.69,2484.13
2022-03-28,2479.49,2484.57,2407.2,2430.7
2022-03-29,2442.43,2538.2,2363.62,2408.49
2022-03-30,2437.92,2513.03,2437.92,2513.03
2022-03-31,2535.32,2703.51,2533.39,2703.51
2022-04-01,2714.62,2817.72,2714.62,2759.64
2022-04-04,2775.06,2835.46,2682.34,2787.69
2022-04-05,2796.56,2808.27,2576.34,2662.79
2022-04-06,2641.79,2696.97,2594.95,2611.43
2022-04-07,2618.26,2653.85,2618.26,2635.39
2022-04-08,2649.16,2656.72,2554.72,2592.72
2022-04-11,2596.17,2623.64,2557.16,2557.16
2022-04-12,2559.22,2570.78,2472.28,2540.99
2022-04-13,2546.64,2558.86,2517.44,2528.42
2022-04-14,2530.9,2533.77,2403.86,2404.73
2022-04-15,2403.16,2431.91,2353.13,2424.99
2022-04-18,2430.91,2447.58,2338.36,2342.63
2022-04-19,2342.53,2344.37,2216.61,2317.46
2022-04-20,2326.03,2374.87,2271.72,2330.73
2022-04-21,2334.97,2341.21,2260.68,2271.05
2022-04-22,2271.18,2290.04,2223.73,2232.23
2022-04-25,2236.32,2237.45,2168.18,2186.22
2022-04-26,2190.97,2347.92,2190.97,2318.46
2022-04-27,2326.27,2427.47,2305.47,2424.28
2022-04-28,2434.86,2505.94,2379.12,2383.66
2022-04-29,2390.83,2448.52,2390.83,2445.17
2022-05-04,2444.25,2464.6,2373.16,2373.16
2022-05-05,2379.04,2412.81,2379.04,2404.8
2022-05-06,2405.17,2406.78,2372.52,2393.03
2022-05-11,2391.91,2414.87,2367.48,2387.14
2022-05-12,2382.33,2386.16,2283.31,2297.89
2022-05-13,2309.98,2321.91,2283.1,2307.5
2022-05-16,2308.2,2379.35,2306.06,2364.6
2022-05-17,2378.08,2425.17,2371.93,2424.1
2022-05-18,2438,2490.17,2438,2445.3
2022-05-19,2454.36,2454.83,2414.63,2436.57
2022-05-20,2441.56,2451.02,2365.81,2373.26
2022-05-23,2379.66,2389.42,2300.77,2301.85
2022-05-24,2300.11,2317.92,2229.22,2293.62
2022-05-25,2300.15,2340.18,2291.13,2340.18
2022-05-26,2348.44,2415.03,2327.29,2413.06
2022-05-27,2424.7,2439.89,2399.92,2407.59
2022-05-30,2418.21,2433.04,2376.44,2400.39
2022-05-31,2400.75,2400.75,2351.74,2355.75
2022-06-01,2349.84,2385.64,2338.9,2374.6
2022-06-02,2374.67,2382.23,2337.53,2340.17
2022-06-03,2341.55,2348.03,2286.82,2308.03
2022-06-06,2308.35,2321.75,2277.21,2282.16
2022-06-07,2281.3,2294.4,2239.72,2291.62
2022-06-08,2296.62,2342.69,2296.62,2318.85
2022-06-09,2321.57,2323.39,2275.22,2293.99
2022-06-10,2282.81,2296.1,2273.95,2285.52
2022-06-14,2280.02,2308.43,2261.26,2289.75
2022-06-15,2290.76,2320.4,2282.79,2318.96
2022-06-16,2321.52,2374.24,2317.87,2369.75
2022-06-17,2373.07,2382.49,2345.4,2353.98
2022-06-20,2358.26,2404.4,2357.33,2404.4
2022-06-21,2407.63,2415.59,2357.27,2358.81
2022-06-22,2348.04,2373.52,2320.87,2373.52
2022-06-23,2375.6,2404.54,2350.1,2404.54
2022-06-24,2405.31,2414.02,2372.05,2391.51
2022-06-27,2387.55,2417.06,2384.32,2417.06
2022-06-28,2419.15,2419.81,2392.26,2408.75
2022-06-29,2407.49,2407.49,2370.41,2378.55
2022-06-30,2380.03,2407.2,2184.71,2204.85
2022-07-01,2197.9,2237.92,2165.13,2206.61
2022-07-04,2208.7,2240.83,2197.39,2204.66
2022-07-05,2214.39,2238.73,2187.57,2226.64
2022-07-06,2227.02,2273.24,2214.04,2221.88
2022-07-07,2221.02,2239.59,2206.16,2226.65
2022-07-08,2225.02,2234.55,2202.52,2222.51
2022-07-11,2213.55,2224.35,2156.36,2162.34
2022-07-12,2160.74,2160.74,2105.26,2133.77
2022-07-13,2138.14,2142.51,2064.58,2073.68
2022-07-14,2073.79,2105.61,2049.44,2063.3
2022-07-15,2069.02,2109.52,2056.82,2109.52
2022-07-18,2119.02,2127.96,2083.01,2096.42
2022-07-19,2089.28,2089.28,2047.33,2071.28
2022-07-20,2076.24,2098.92,2067.37,2075.24
2022-07-21,2075.99,2075.99,2022.16,2053.64
2022-07-22,2056.16,2099.68,2053.2,2096.75
2022-07-25,2099.81,2132.75,2090.22,2128.96
2022-07-26,2135.89,2192.42,2135.89,2192.42
2022-07-27,2198.96,2220.82,2184.71,2196.22
2022-07-28,2204.01,2213.21,2169.21,2189.16
2022-07-29,2187.67,2213.81,2181.07,2213.81
2022-08-01,2213.75,2220.73,2178.98,2180.09
2022-08-02,2176.57,2178.81,2137.3,2137.3
2022-08-03,2138.76,2156.54,2123.92,2123.92
2022-08-04,2126.39,2137.83,2111.87,2116.58
2022-08-05,2120.13,2124.6,2052.08,2054.29
2022-08-08,2106.5,2119.41,2086.98,2088.4
2022-08-09,2090.37,2136.8,2071.72,2136.8
2022-08-10,2138.81,2158.87,2128.59,2151.5
2022-08-11,2157.17,2174.9,2128.38,2133.11
2022-08-12,2133.93,2150.9,2117.08,2147.33
2022-08-15,2147.76,2165.75,2139.45,2165.12
2022-08-16,2172.4,2208.33,2168.06,2208.33
2022-08-17,2213.43,2225.05,2186.86,2188.56
2022-08-18,2188.42,2197.92,2176.02,2194.31
2022-08-19,2199.6,2199.6,2179.56,2195.16
2022-08-22,2193.29,2231.22,2187.04,2228.11
2022-08-23,2230.74,2261.59,2230.74,2260.08
2022-08-24,2263.57,2273.65,2243.08,2248.22
2022-08-25,2249.39,2266.18,2234.87,2246.34
2022-08-26,2248.98,2268.89,2239.66,2268.89
2022-08-29,2267.43,2296.33,2263.99,2296.33
2022-08-30,2299.28,2314.53,2292.44,2306.62
2022-08-31,2377.02,2423.12,2368.42,2400.08
2022-09-01,2401.98,2448.5,2380.01,2445.77
2022-09-02,2443.76,2474.71,2431.54,2471.45
2022-09-05,2472.1,2488.44,2440.88,2488.44
2022-09-06,2487.76,2492.15,2382.24,2425.33
2022-09-07,2422.88,2436.64,2394.56,2401.57
2022-09-08,2397.59,2407.39,2378.3,2390.27
2022-09-09,2391.69,2426.81,2391.69,2426.06
2022-09-12,2419.77,2465.22,2413.55,2449.65
2022-09-13,2459.75,2465.55,2438.8,2446.89
2022-09-14,2439.96,2439.96,2400.14,2435.89
2022-09-15,2434.79,2457.02,2418.3,2446.59
2022-09-16,2446.09,2469.02,2427.68,2435.18
2022-09-19,2436.48,2453.03,2427.19,2430.54
2022-09-20,2430.53,2436.3,2171.92,2215.67
2022-09-21,2052.89,2186.43,2002.73,2130.71
2022-09-22,2138.39,2216.85,2138.39,2190.87
2022-09-23,2192.11,2192.68,2071.37,2089.87
2022-09-26,2054.56,2054.56,1841.42,1933.35
2022-09-27,1930.58,1975.32,1904.24,1953.46
2022-09-28,1978.89,2018.99,1948.25,1963.86
2022-09-29,1998.24,2005.8,1917.62,1953.77
2022-09-30,1977.75,2005.21,1872.95,1957.31
2022-10-03,1991.88,2047.54,1972.43,2041.96
2022-10-04,2071.19,2079.67,2016.59,2046.42
2022-10-05,2041.5,2045.62,1971.91,2029.88
2022-10-06,2027.3,2053.86,2015.09,2020.63
2022-10-07,2012.95,2012.95,1939.54,1944.75
2022-10-10,1783.66,1917.91,1775.04,1916.97
2022-10-11,1928.74,1952.8,1909.11,1949.46
2022-10-12,1965.39,1974.59,1937.93,1951.65
2022-10-13,1950.24,1975.84,1941.18,1955.2
2022-10-14,1963.38,1965.77,1933.29,1950.98
2022-10-17,1958.18,2013.61,1955.7,2012.85
2022-10-18,2031.56,2039.67,1999.38,2032.4
2022-10-19,1986.67,2006.06,1953.74,1978.4
2022-10-20,1998.74,2032.58,1991.09,2025.51
2022-10-21,2026.44,2049,2000.68,2043.71
2022-10-24,2070.36,2088.31,2048.37,2063.95
2022-10-25,2066.28,2130.65,2058.09,2130.65
2022-10-26,2131.18,2144.56,2093.12,2120.58
2022-10-27,2133.81,2164.64,2123.57,2164.64
2022-10-28,2154.28,2171.88,2130.75,2167.7
2022-10-31,2173,2184.38,2155.75,2166.61
2022-11-01,2179.15,2185.6,2161.18,2174.35
2022-11-02,2178.25,2184.89,2160.56,2173.84
2022-11-03,2145.54,2156.78,2123.32,2155.92
2022-11-07,2176.33,2208.78,2172.34,2208.78
2022-11-08,2213.39,2221.13,2188.22,2207.2
2022-11-09,2201.06,2205.92,2166.42,2166.56
2022-11-10,2167.96,2211.21,2161.57,2210.02
2022-11-11,2221.68,2224.97,2204.33,2217.44
2022-11-14,2230.8,2245.9,2221.31,2244.77
2022-11-15,2249.22,2254.94,2211.19,2223.26
2022-11-16,2199.1,2232.83,2191.95,2227.19
2022-11-17,2227.54,2235.76,2200.11,2212.93
2022-11-18,2208.39,2211.7,2189.93,2206.32
2022-11-21,2204.9,2204.9,2161.35,2166.31
2022-11-22,2179.76,2200.06,2169.62,2196.04
2022-11-23,2196.24,2217.4,2180.64,2211.89
2022-11-24,2214.14,2225.92,2206.12,2210.95
2022-11-25,2209.31,2211.1,2190.67,2195.17
2022-11-28,2180.32,2182.16,2163.44,2177.45
2022-11-29,2180.65,2191.44,2178.34,2185.32
2022-11-30,2184.27,2184.27,2172.67,2174.53
2022-12-01,2189.65,2193.41,2183.57,2187.29
2022-12-02,2189.19,2189.35,2173.48,2180.44
2022-12-05,2179.79,2210.7,2174.17,2208.28
2022-12-06,2204.51,2208.36,2184.65,2196.24
2022-12-07,2185.01,2193.71,2166.77,2192.88
2022-12-08,2196.17,2197.77,2174.57,2184.43
2022-12-09,2178.93,2183.97,2169.04,2177.85
2022-12-12,2178.33,2185.49,2163.33,2173.16
2022-12-13,2175.29,2177.95,2154.52,2174.38
2022-12-14,2171.12,2171.31,2154.65,2159.81
2022-12-15,2151.69,2151.69,2115.21,2126.8
2022-12-16,2118.43,2135.79,2116.08,2132.75
2022-12-19,2131.33,2139.07,2109.56,2129.98
2022-12-20,2071.1,2119.37,2070.58,2119.37
2022-12-21,2135.41,2139.49,2102.24,2116.13
2022-12-22,2124.37,2134.48,2114.91,2122.91
2022-12-23,2121.99,2128.27,2110.59,2124.02
2022-12-26,2126.4,2139.78,2126.4,2139.21
2022-12-27,2142.08,2154.35,2138.11,2150.92
2022-12-28,2150.12,2152.47,2136.68,2139.77
2022-12-29,2135.91,2149.94,2134.48,2147.06
2022-12-30,2149.83,2154.47,2139.79,2154.12
2023-01-03,2157.18,2174.23,2157.18,2172.68
2023-01-04,2171.54,2179.56,2162.06,2168.42
2023-01-05,2170.4,2171.94,2154.16,2156.67
2023-01-06,2157.32,2160.08,2153.32,2156.39
2023-01-09,2163.43,2169.71,2162.01,2163.5
2023-01-10,2162.7,2162.92,2145.14,2159.51
2023-01-11,2156.28,2190.4,2153.55,2186.98
2023-01-12,2193.53,2194.8,2177.36,2185.93
2023-01-13,2188.6,2204.18,2179.82,2199.94
2023-01-16,2204.64,2224.9,2204.46,2224.9
2023-01-17,2225.26,2226.49,2196.84,2196.84
2023-01-18,2188.9,2206.66,2177.65,2196.26
2023-01-19,2190.02,2193.93,2162.11,2168.83
2023-01-20,2167.61,2173.71,2154.37,2166.69
2023-01-23,2167.92,2186.85,2164.89,2185.31
2023-01-24,2191.64,2199.29,2172.75,2172.75
2023-01-25,2168.48,2176.61,2160.76,2170.15
2023-01-26,2181.96,2183.77,2166.92,2166.92
2023-01-27,2174.85,2189.35,2167.33,2189.35
2023-01-30,2193.99,2204.41,2189.12,2204.41
2023-01-31,2203.57,2225.6,2202.76,2225.6
2023-02-01,2232.02,2247.12,2224.95,2230.15
2023-02-02,2243.04,2249.56,2228.56,2243.54
2023-02-03,2239.1,2253.7,2216.63,2248.3
2023-02-06,2245.93,2276.5,2243.77,2272.37
2023-02-07,2281.69,2290.51,2262.3,2267.69
2023-02-08,2273.59,2283.49,2244.52,2251.97
2023-02-09,2258.97,2269.96,2241.02,2262.45
2023-02-10,2253.51,2264.39,2249.62,2261.58
2023-02-13,2262.65,2271,2261.37,2264.27
2023-02-14,2256.59,2256.96,2225.94,2232.23
2023-02-15,2216.69,2216.69,2164.7,2166.46
2023-02-16,2169.39,2186.64,2150.17,2153.96
2023-02-17,2157.5,2180.96,2147.31,2168.88
2023-02-20,2172.53,2186.39,2140.78,2183.57
2023-02-21,2184.6,2227.82,2184.51,2212.42
2023-02-22,2215.43,2215.58,2194.99,2212.4
2023-02-24,2209.1,2223.23,2202.25,2208.03
2023-02-27,2194.39,2241.1,2188.95,2241.1
2023-02-28,2246.26,2258.68,2239.59,2253.16
2023-03-01,2258.89,2287.48,2255.45,2279.65
2023-03-02,2284.87,2286.27,2235.43,2254.3
2023-03-03,2250.12,2273.52,2249.81,2272.2
2023-03-06,2286.2,2297.86,2283.4,2294.12
2023-03-07,2294.32,2298.93,2281.46,2295.6
2023-03-09,2295.03,2302.1,2278.95,2290.14
2023-03-10,2272.61,2283.18,2266.33,2276.25
2023-03-13,2279.13,2289.7,2250.14,2269.47
2023-03-14,2266.78,2290.32,2261.65,2290.32
2023-03-15,2287.16,2295.06,2257,2262.07
2023-03-16,2262.61,2269.01,2236.77,2258.22
2023-03-17,2284.78,2322.78,2275.48,2322.78
2023-03-20,2337.83,2397.16,2332.8,2397.16
2023-03-21,2417.43,2431.23,2383.08,2398.15
2023-03-22,2387.81,2398.76,2374.46,2393.88
2023-03-23,2386.7,2396.5,2379.88,2388.35
2023-03-24,2386.53,2394.03,2384.29,2391.53
2023-03-27,2400.84,2440.68,2400.84,2440.68
2023-03-28,2453.26,2458.37,2421.39,2442.19
2023-03-29,2449.96,2468.48,2437.52,2460.87
2023-03-30,2458.06,2467.97,2450.46,2465.93
2023-03-31,2470.12,2472.53,2424.45,2450.67
2023-04-03,2474.37,2482.54,2463,2473.32
2023-04-04,2483.47,2511.49,2479.24,2480.45
2023-04-05,2489.18,2500.8,2465.77,2500.8
2023-04-06,2504.06,2521.81,2498.3,2498.3
2023-04-07,2504.04,2511.95,2491.37,2508.39
2023-04-10,2523.2,2548.41,2523.2,2547.35
2023-04-11,2560.04,2577.51,2515.83,2533.69
2023-04-12,2538.62,2554.77,2520.65,2538.47
2023-04-13,2546.98,2557.58,2528.06,2544.28
2023-04-14,2546.93,2554.85,2532.39,2554.85
2023-04-17,2572.54,2596.45,2572.54,2596.11
2023-04-18,2601.34,2615.62,2586.05,2615.62
2023-04-19,2617.91,2629.01,2584.96,2606.55
2023-04-20,2600.71,2640.78,2565.61,2637.85
2023-04-21,2640.99,2648.21,2626.94,2639.95
2023-04-24,2636.76,2651.8,2609.4,2635.43
2023-04-25,2639.67,2642.12,2619.67,2626.86
2023-04-26,2625.62,2631.13,2614.98,2620.33
2023-04-27,2620.65,2646.18,2617.04,2646.18
2023-04-28,2653.93,2657.9,2608.02,2634.94
2023-05-02,2623.29,2635.53,2560.09,2580.51
2023-05-03,2585.4,2586.17,2532.42,2532.42
2023-05-04,2524.97,2547.2,2524.36,2524.51
2023-05-05,2544.47,2555.39,2529.08,2538.24
2023-05-08,2528.74,2538.23,2513.84,2527.59
2023-05-10,2483.92,2556.67,2483.79,2548.63
2023-05-11,2573.41,2610.8,2567.98,2595.12
2023-05-12,2570.65,2584.91,2552.05,2565.17
2023-05-15,2581.64,2611.71,2581.64,2611.07
2023-05-16,2645.94,2655.73,2621.59,2633.71
2023-05-17,2637.51,2646.61,2623.15,2634.48
2023-05-18,2650.12,2658.57,2624.49,2632.91
2023-05-19,2627.59,2635.8,2612.47,2626.16
2023-05-22,2648.3,2652.97,2622.35,2633.26
2023-05-23,2641.05,2648.69,2607.63,2641.66
2023-05-24,2643.73,2659.68,2626.43,2654.99
2023-05-25,2662.85,2663.51,2631.03,2649.98
2023-05-26,2650.38,2685.14,2645.54,2682.03
2023-05-29,2697.46,2732,2697.46,2732
2023-05-30,2712.04,2748.6,2687.81,2698.75
2023-05-31,2698.11,2718.27,2676.27,2717.64
2023-06-01,2720.21,2729.97,2709.33,2721.73
2023-06-02,2684.59,2720.47,2684.59,2719.48
2023-06-05,2726.17,2738.82,2679.3,2694.14
2023-06-06,2667.76,2687.41,2628,2681.25
2023-06-07,2690.94,2711.72,2674.11,2694.69
2023-06-08,2693.6,2709.69,2688.31,2709.69
2023-06-09,2717.2,2721.84,2705.24,2708.04
2023-06-13,2715.31,2757.28,2715.15,2757.28
2023-06-14,2777.2,2786.06,2758.35,2765.18
2023-06-15,2776.77,2809.42,2764.89,2800.17
2023-06-16,2809.28,2813.74,2783.71,2800.79
2023-06-19,2808.04,2816.57,2783.69,2815.07
2023-06-20,2810.14,2814.72,2778,2803.69
2023-06-21,2808.87,2821.88,2794.68,2819.3
2023-06-22,2817.3,2820.43,2805.92,2815.83
2023-06-23,2790.04,2795.06,2767.82,2795.06
2023-06-26,2771.52,2784.28,2741.33,2757.13
2023-06-27,2759.61,2785.33,2743.07,2776.63
2023-06-28,2781.1,2787.52,2766.93,2780.92
2023-06-29,2790.27,2804.8,2783.53,2796.41
2023-06-30,2796,2800.12,2779.61,2797.37
2023-07-03,2795.58,2804.93,2790.81,2793.93
2023-07-04,2798.02,2808.22,2776.79,2808.22
2023-07-05,2795.4,2813.76,2795.4,2805
2023-07-06,2816.74,2837.49,2813.38,2819.6
2023-07-07,2823.89,2832.82,2814.38,2832.51
2023-07-10,2838.85,2864.32,2838.52,2856.76
2023-07-11,2865.64,2867.36,2851.01,2860.33
2023-07-12,2870.61,2897.28,2870.61,2896.83
2023-07-13,2899.98,2912.15,2873,2885.63
2023-07-14,2882.96,2902.72,2874.44,2902.72
2023-07-17,2889.09,2917.72,2880.11,2917.61
2023-07-18,2923.69,2955.81,2922.74,2954.52
2023-07-19,2959.41,2966.72,2938.66,2943.43
2023-07-20,2947.08,2947.29,2905.02,2917.48
2023-07-21,2890.45,2925.54,2889.78,2923.54
2023-07-24,2929.23,2947.17,2925.1,2937.47
2023-07-25,2948.87,2975.36,2943.74,2975.36
2023-07-26,2974.21,2982.47,2954.9,2970.42
2023-07-27,2975.52,2992.47,2975.52,2987.85
2023-07-28,2986.35,3008.61,2978.12,3008.61
2023-07-31,3026.93,3073.5,3026.93,3073.5
2023-08-01,3085.97,3114.56,3055.25,3093.64
2023-08-02,3096.72,3123.45,3080.63,3106.46
2023-08-03,3111.7,3150.28,3094.27,3147.8
2023-08-04,3158.53,3194.83,3073.69,3092.44
2023-08-07,3120.54,3153.6,3084.08,3084.08
2023-08-08,3077.63,3092.54,3026.72,3085.31
2023-08-09,3106.03,3120.25,3083.77,3099.52
2023-08-10,3122.06,3148.86,3115.85,3148.86
2023-08-11,3158.59,3163.47,3138.04,3155.51
2023-08-14,3186.47,3225.78,3117.31,3131
2023-08-15,3083.32,3163.74,3068.66,3115.25
2023-08-16,3109.46,3122.34,3015.57,3049.46
2023-08-17,3069.81,3076.31,3031.73,3059.02
2023-08-18,3077.78,3111.22,3058.01,3111.22
2023-08-21,3139.29,3150.61,3122.37,3139.93
2023-08-22,3146.42,3172.3,3124.19,3164.25
2023-08-23,3180.39,3184.17,3113.24,3146.2
2023-08-24,3117.02,3137.37,3108.17,3137.37
2023-08-25,3150.03,3158.61,3132.07,3157.33
2023-08-28,3161.36,3202.24,3161.36,3198.72
2023-08-29,3205.06,3218.4,3191.31,3211.36
2023-08-30,3214.11,3220.85,3193.18,3212.68
2023-08-31,3218.48,3234.68,3211.94,3227.99
2023-09-01,3230.53,3232.92,3214.95,3231.35
2023-09-04,3242.49,3268.97,3242.4,3268.97
2023-09-05,3273.39,3287.34,3246.46,3264.43
2023-09-06,3270.84,3270.84,3236.79,3245.47
2023-09-07,3247.9,3262.73,3145.25,3169.07
2023-09-08,3178.44,3188.77,3114.39,3142.88
2023-09-11,3145.26,3153.61,3106.92,3122.37
2023-09-12,3118.14,3165.92,3117.7,3165.92
2023-09-13,3189.08,3191.57,3148.32,3148.32
2023-09-14,3144.29,3148.5,3072.82,3139.49
2023-09-15,3126.57,3155.45,3116.72,3152.53
2023-09-18,3165.06,3177.23,3127.37,3135.18
2023-09-19,3134.37,3141.38,3054.25,3083.85
2023-09-20,3061.18,3091.05,3013.75,3068.15
2023-09-21,3058.2,3062.68,3009.89,3019.22
2023-09-22,3009.87,3051.69,2988.04,3049.07
2023-09-25,3051.85,3056.23,3025.89,3045.39
2023-09-26,3034.23,3051.91,3001.92,3051.91
2023-09-27,3053.37,3081.41,3052.59,3067.61
2023-09-28,3080.81,3108.07,3076.64,3108.07
2023-09-29,3121.07,3141.12,3106.97,3133.26
2023-10-02,3141.69,3162.53,3125.58,3132.33
2023-10-03,3134.45,3146.33,3103.63,3143.88
2023-10-04,3138.62,3154.97,3130.03,3134.25
2023-10-05,3126.71,3138.5,3112.96,3131.76
2023-10-06,3138.87,3145.01,3121,3144.89
2023-10-09,3166.21,3185.86,3164.63,3174.02
2023-10-10,3175.08,3182.08,3162.61,3177.03
2023-10-11,3174.99,3196.44,3168.29,3194.12
2023-10-12,3130.04,3178.5,3122.58,3174.66
2023-10-13,3182.47,3195.23,3176.17,3192.33
2023-10-16,3204.81,3235.66,3202.94,3234.78
2023-10-17,3239.37,3252.55,3228.11,3247.15
2023-10-18,3252.31,3262.54,3225.44,3249.21
2023-10-19,3245.26,3260.45,3232.16,3255.16
2023-10-20,3257.85,3269.71,3236.31,3269.27
2023-10-23,3271.76,3283.8,3248.39,3263.68
2023-10-24,3256.29,3266.59,3237.08,3265.01
2023-10-25,3265.18,3269.76,3243.25,3265.28
2023-10-26,3272.71,3283.49,3221.79,3223.89
2023-10-27,3219.49,3241.55,3185.84,3224.18
2023-10-30,3232.82,3246,3219.7,3227.07
2023-10-31,3221.08,3226.88,3176.53,3200.97
2023-11-01,3192.96,3214.83,3191.34,3206.52
2023-11-02,3216.92,3228.46,3197.22,3197.22
2023-11-03,3207.04,3212.81,3182.17,3208.63
2023-11-06,3207.47,3237.09,3207.1,3235.11
2023-11-07,3239.98,3246.65,3228.46,3246.34
2023-11-08,3238.81,3257.32,3233.11,3245.43
2023-11-09,3241.5,3245.11,3222.34,3239.92
2023-11-10,3236.03,3246.31,3229.1,3242.06
2023-11-13,3241.31,3251.74,3235.06,3248.27
2023-11-14,3236.48,3236.48,3192.32,3212.39
2023-11-15,3195.43,3221.22,3182.78,3215.11
2023-11-16,3209.33,3215.93,3184.97,3189.08
2023-11-17,3172.78,3208.17,3151.95,3206.34
2023-11-20,3205.73,3216.73,3194.4,3207.36
2023-11-21,3198.73,3219.11,3193.46,3218.48
2023-11-22,3221.9,3239.17,3220.37,3230.65
2023-11-23,3233.09,3238.81,3218.72,3221.05
2023-11-24,3223.75,3231.77,3203.62,3217.76
2023-11-27,3220.25,3224.61,3178.2,3191.05
2023-11-28,3189.16,3197.61,3157.55,3196.36
2023-11-29,3196.75,3200.33,3173.37,3173.52
2023-11-30,3176.5,3176.53,3146.53,3165.79
2023-12-01,3155.87,3162.97,3136.56,3142.29
2023-12-04,3123.18,3126.55,3096.28,3114.41
2023-12-05,3102.3,3134.57,3090.31,3129.33
2023-12-06,3139.89,3146.52,3077.94,3079.5
2023-12-07,3065.93,3084.5,3041.11,3073.63
2023-12-08,3079.88,3100.22,3067.46,3079.99
2023-12-11,3081.88,3082.3,3025.74,3026.17
2023-12-12,3020.61,3046.81,2992.5,3019.89
2023-12-13,3011.99,3043.42,3002.38,3032.22
2023-12-14,3046.43,3057.08,3005.94,3008.84
2023-12-15,2959.29,3037.29,2959.29,3033.89
2023-12-18,3052.14,3090.04,3048.82,3076.26
2023-12-19,3084.12,3091.26,3066.34,3083.64
2023-12-20,3091.35,3113.92,3088.74,3104.66
2023-12-21,3093.46,3095.01,3050,3073.57
2023-12-22,3076.31,3102.75,3075.56,3092.58
2023-12-25,3095.42,3108.14,3086.89,3099.02
2023-12-26,3090.39,3098.69,3080.92,3094.72
2023-12-27,3100.99,3112.19,3097.31,3097.49
2023-12-28,3099.56,3101.99,3081.98,3101.99
2023-12-29,3092.66,3102.08,3086.26,3099.11
2024-01-03,3099.78,3132.76,3099.1,3130.23
2024-01-04,3140.66,3144.25,3133.93,3136.07
2024-01-05,3138.27,3142.8,3128.16,3136.37
2024-01-08,3140.12,3158.82,3139.37,3158.58
2024-01-09,3156.17,3158.72,3143.03,3155.55
2024-01-10,3158.35,3174.28,3156.44,3164.7
2024-01-11,3158.3,3181.25,3148.5,3181.25
2024-01-12,3182.5,3196.98,3176.09,3185.22
2024-01-15,3190.62,3200.78,3176.73,3184.88
2024-01-16,3186.77,3187.14,3162.98,3179.45
2024-01-17,3174.87,3189.26,3169.99,3185.23
2024-01-18,3188.71,3193.54,3176.72,3178.85
2024-01-19,3176.13,3179.21,3154.46,3166.37
2024-01-22,3161.44,3179.11,3157.37,3172.15
2024-01-23,3176.19,3179.75,3166.66,3175.74
2024-01-24,3176.59,3183.7,3152.96,3162.41
2024-01-25,3163.36,3166.95,3143.89,3157.74
2024-01-26,3164.55,3171.95,3157.76,3163.21
2024-01-29,3169.57,3184.15,3169.57,3176.61
2024-01-30,3181.75,3196.15,3178.82,3196.08
2024-01-31,3201.48,3219.41,3198.83,3214.19
2024-02-01,3220.43,3233.21,3220.38,3229.89
2024-02-02,3229.48,3232.35,3215,3226.35
2024-02-05,3218.91,3232.38,3218.91,3226.79
2024-02-06,3234.44,3238.4,3228.78,3238.4
2024-02-07,3240.57,3259.24,3240.16,3256.58
2024-02-08,3261.18,3266.45,3236.79,3241.81
2024-02-09,3231.3,3242.38,3219.56,3242.38
2024-02-12,3241.57,3248.5,3227.7,3248.5
2024-02-13,3250.3,3259.69,3245.02,3254.6
2024-02-14,3261.52,3267.88,3251.76,3258.14
2024-02-15,3249.78,3265.83,3238.83,3265.63
2024-02-16,3269.84,3275.23,3236.42,3242.48
2024-02-19,3247.46,3253.02,3234.1,3244.56
2024-02-20,3236.85,3237.34,3206.07,3207.49
2024-02-21,3173.01,3185.8,3135.8,3139.5
2024-02-22,3152.75,3166.86,3141.88,3142.3
2024-02-26,3186.06,3213.17,3186.06,3213.17
2024-02-27,3220.26,3224.52,3203.58,3208.99
2024-02-28,3215.53,3240.29,3213.36,3227.05
2024-02-29,3233.03,3258.14,3224.09,3256.8
2024-03-01,3259,3269.28,3249.69,3266.66
2024-03-04,3278.01,3298.63,3277.85,3296.75
2024-03-05,3305.79,3312.41,3283.59,3300.89
2024-03-06,3298.86,3318.14,3289.25,3310.58
2024-03-07,3309.31,3317.73,3303.93,3315.68
2024-03-11,3329.72,3340.37,3318.9,3320.31
2024-03-12,3320.18,3335.41,3304.49,3332.6
2024-03-13,3337.56,3343.56,3317.19,3320.68
2024-03-14,3314.66,3318.49,3287.86,3297
2024-03-15,3295.15,3313.42,3292.13,3300.07
2024-03-18,3305.67,3313.05,3292,3296.3
2024-03-19,3293.93,3303.52,3254.3,3264.97
2024-03-20,3268.87,3286.72,3257.72,3267.1
2024-03-21,3286.75,3297.46,3259.03,3286.69
2024-03-22,3289.28,3299.19,3260.39,3273.49
2024-03-25,3251.24,3281.63,3234.95,3281.63
2024-03-26,3286.2,3291,3275.8,3285.54
2024-03-27,3291.7,3304.09,3280.03,3304.09
2024-03-28,3308.26,3313.59,3301.52,3312.77
2024-03-29,3313.17,3332.53,3305.22,3332.53
2024-04-01,3343.66,3367.34,3343.66,3363.29
2024-04-02,3369.32,3375.69,3357.55,3371.29
2024-04-03,3381.95,3397.33,3376.63,3395.59
2024-04-04,3399.81,3409.62,3392.06,3407.57
2024-04-05,3393.2,3401.16,3385.42,3395.37
2024-04-08,3400.82,3423.35,3400.82,3417.38
2024-04-09,3423.41,3441.18,3408.99,3414.26
2024-04-10,3424.75,3440.03,3405.46,3439.11
2024-04-11,3442.84,3455.61,3431.18,3439.53
2024-04-12,3448.6,3464,3446.79,3456.24
2024-04-15,3456.38,3476.98,3454.06,3472.19
2024-04-16,3478.02,3479.04,3459.45,3462.94
2024-04-17,3469.57,3476.72,3443.07,3454.07
2024-04-18,3451.37,3457.46,3436.95,3455.82
2024-04-19,3458.86,3475.13,3451.48,3470.88
2024-04-22,3468.09,3480.21,3460.58,3479.17
2024-04-23,3483.26,3487.55,3436.83,3439.42
2024-04-24,3438.45,3445.67,3423.17,3428.93
2024-04-25,3429.62,3443.74,3427.02,3439.76
2024-04-26,3446.39,3459.12,3438.06,3449.77
2024-04-27,3453.63,3467.23,3453.4,3465.85
2024-04-29,3468.92,3480.47,3467.25,3478.08
2024-04-30,3481.29,3486.3,3464.86,3469.83
2024-05-02,3470.87,3477.42,3439.58,3442.83
2024-05-03,3443.49,3450.43,3424.63,3441.77
2024-05-06,3441.7,3444.11,3418.47,3436.05
2024-05-07,3405.82,3428.37,3405.82,3427.61
2024-05-08,3431.84,3438.75,3430.1,3432.54
2024-05-10,3438.5,3452.33,3438.5,3449.78
2024-05-13,3459.05,3465.62,3448.5,3457.11
2024-05-14,3465.83,3468.28,3457.31,3463.93
2024-05-15,3466.35,3476.49,3462.86,3470.72
2024-05-16,3480.48,3490.77,3477.85,3486.26
2024-05-17,3495.25,3506.91,3490.17,3501.89
2024-05-20,3516.4,3521.72,3468.09,3468.09
2024-05-21,3447.25,3460.19,3409.92,3428.38
2024-05-22,3433.36,3449.43,3433.36,3444.64
2024-05-23,3436.81,3444.79,3407.41,3442.79
2024-05-24,3438.65,3442.36,3377.64,3396.5
2024-05-27,3384.74,3392.99,3298.21,3299.22
2024-05-28,3305.11,3347.85,3277.48,3302.91
2024-05-29,3307.76,3323.08,3284.14,3318.03
2024-05-30,3332.77,3342.59,3275.54,3282.18
2024-05-31,3258.52,3270.01,3211.19,3217.19
2024-06-03,3192.3,3217.36,3087.99,3141.42
2024-06-04,3160.01,3201.53,3138.25,3186.93
2024-06-05,3217.63,3237.53,3194.73,3212.24
2024-06-06,3206.74,3215.99,3178.21,3192.38
2024-06-07,3199.75,3268.89,3193.57,3233.22
2024-06-10,3245.4,3255.49,3180.21,3180.94
2024-06-11,3178.71,3191.27,3148.22,3171.1
2024-06-13,3050.03,3178.01,3032.05,3171.69
2024-06-14,3171.78,3219.65,3160.17,3215.91
2024-06-17,3219.29,3221.84,3183.68,3183.68
2024-06-18,3171.38,3176.01,3109.09,3114.15
2024-06-19,3104.22,3107.39,3015.84,3027.47
2024-06-20,3034.39,3123.43,2996.44,3123.43
2024-06-21,3126.25,3141.25,3096.63,3114.35
2024-06-24,3109.22,3127.64,3092.83,3098.05
2024-06-25,3097.98,3112.82,3074.51,3111.39
2024-06-26,3129.01,3156.02,3127.65,3151.7
2024-06-27,3154.58,3158.4,3122.08,3150.32
2024-06-28,3150.22,3165.31,3141.37,3154.36
2024-07-01,3160.7,3186.76,3153.93,3186.19
2024-07-02,3199.03,3221.5,3190.18,3217.29
2024-07-03,3219.11,3226.16,3196.31,3203.07
2024-07-04,3190.58,3195.67,3123.92,3133.81
2024-07-05,3131.87,3158.83,3103.49,3149.29
2024-07-08,3159.18,3174.42,3122.91,3132.58
2024-07-09,3123.91,3124.74,3050.05,3054.07
2024-07-10,3044.66,3056.98,2967.45,2975.75
2024-07-11,2908.02,2996.34,2901.61,2992.21
2024-07-12,3004.64,3022,2957.91,2973.21
2024-07-15,2986.32,2994.45,2910.48,2913.48
2024-07-16,2914,2962.11,2879.23,2944.86
2024-07-17,2963.21,2984.15,2938.47,2947.24
2024-07-18,2922.77,2980.62,2908.07,2980.62
2024-07-19,2988.27,3024.88,2974.62,3008.24
2024-07-22,3023.1,3042.14,3010.15,3024.54
2024-07-23,3032.53,3033.18,3003.69,3028.01
2024-07-24,3029.12,3054.34,3015.78,3051.76
2024-07-25,3044.6,3045.7,3019.61,3041.37
2024-07-26,3034.31,3060.68,2972.53,2993.23
2024-07-29,2979.43,2979.43,2906.95,2906.95
2024-07-30,2906.66,2951.66,2895.25,2944.78
2024-07-31,2952.19,2961.7,2927.05,2942.68
2024-08-01,2950.86,2966.66,2935.69,2935.69
2024-08-02,2927.77,2932.16,2887.3,2899
2024-08-05,2859.12,2868.46,2807.05,2828.72
2024-08-06,2839.41,2863.45,2814.15,2830.75
2024-08-07,2840.21,2875.45,2803.47,2874.94
2024-08-08,2877.8,2888.1,2846.93,2852.51
2024-08-09,2841.82,2867.29,2829.72,2848.29
2024-08-12,2840.33,2858.96,2814.58,2844.77
2024-08-13,2858.93,2895.28,2858.93,2884.6
2024-08-14,2894.3,2908.63,2867.64,2871.11
2024-08-15,2865.45,2868.24,2835.69,2838.11
2024-08-16,2838.78,2847.32,2825.12,2828.2
2024-08-19,2819.72,2826.24,2775.64,2775.64
2024-08-20,2780.43,2799.85,2749.26,2768.42
2024-08-21,2771.15,2783.44,2744.51,2768.14
2024-08-22,2774.49,2786.76,2725.47,2725.75
2024-08-23,2718.11,2729.27,2650.19,2662.47
2024-08-26,2746.97,2795.47,2726.98,2763.75
2024-08-27,2784.24,2800,2726.48,2730.38
2024-08-28,2729.72,2729.72,2664.3,2699.98
2024-08-29,2714.44,2723.5,2679.43,2708.27
2024-08-30,2717.68,2724.53,2641.08,2650.32
2024-09-02,2622.55,2627.58,2540.49,2545.07
2024-09-03,2552.32,2603.01,2512.7,2524.38
2024-09-04,2539.4,2605.15,2534.21,2605.15
2024-09-05,2631.33,2662,2607.52,2621.62
2024-09-06,2619.23,2648.38,2604.67,2623.37
2024-09-09,2642.31,2703.58,2642.31,2703.17
2024-09-10,2722.13,2729.73,2667.06,2671.38
2024-09-11,2675.16,2690.58,2657.77,2668.03
2024-09-12,2656.31,2656.31,2603.81,2615
2024-09-13,2629.31,2682.16,2582.79,2678.99
2024-09-16,2696.66,2746.11,2685.38,2744.2
2024-09-17,2753.2,2780.24,2726.91,2774.04
2024-09-18,2776.38,2784.15,2742.48,2751.73
2024-09-19,2746.41,2777.93,2735.67,2758.91
2024-09-20,2760.12,2795.72,2760.12,2782.35
2024-09-23,2797,2832.22,2797,2819.87
2024-09-24,2849,2871.96,2822.19,2871.96
2024-09-25,2878.59,2887.68,2829.75,2830.11
2024-09-26,2819.74,2847.78,2807.3,2829.65
2024-09-27,2838.11,2861.95,2826.89,2858.56
2024-09-30,2861.37,2889.87,2841.3,2857.56
2024-10-01,2831.17,2837.42,2792.21,2814.19
2024-10-02,2823.42,2838.77,2766.79,2766.79
2024-10-03,2767.51,2790.98,2739.92,2782.39
2024-10-04,2799.96,2818.12,2789.94,2804.62
2024-10-07,2807.85,2817.45,2779.34,2793.84
2024-10-08,2786.58,2799.3,2774.74,2788.37
2024-10-09,2787.38,2790.14,2748.81,2748.81
2024-10-10,2754.16,2775.86,2752.24,2761.54
2024-10-11,2758.11,2763,2737.96,2754.52
2024-10-14,2744.93,2788.18,2723.3,2773.36
2024-10-15,2774.56,2810.13,2766.79,2805.79
2024-10-16,2805.98,2827.15,2781.28,2783.46
2024-10-17,2786.82,2795.14,2763.53,2763.53
2024-10-18,2756.3,2770.45,2744.36,2751.9
2024-10-21,2759.58,2779.73,2759.58,2767.71
2024-10-22,2772.23,2783.82,2754.08,2755.19
2024-10-23,2749.53,2755.22,2730.49,2734.93
2024-10-24,2723.04,2730.58,2690.83,2718.42
2024-10-25,2723.01,2751.23,2657.31,2660.36
2024-10-28,2635.95,2652.12,2570.2,2575.06
2024-10-29,2582.29,2612.94,2557.65,2599.66
2024-10-30,2608.5,2631.8,2592.15,2615.38
2024-10-31,2582.47,2593.11,2551.2,2560.2
2024-11-01,2562.49,2581.47,2541.82,2574.71
2024-11-02,2579.11,2603.1,2579.11,2594.38
2024-11-05,2614.13,2624.13,2600.48,2616.51
2024-11-06,2676.85,2712.29,2650.6,2662.87
2024-11-07,2662.87,2693.93,2633.59,2690.63
2024-11-08,2721.64,2749.62,2713.5,2734.56
2024-11-11,2782.97,2797.94,2765.18,2785.31
2024-11-12,2779.92,2779.92,2747.76,2756.76
2024-11-13,2748.61,2771.67,2740.17,2763.99
2024-11-14,2740.53,2740.53,2694.56,2697.47
2024-11-15,2703.67,2740.08,2697.44,2739.21
2024-11-18,2703.31,2729.49,2687.45,2720.77
2024-11-19,2713.73,2716.38,2623.59,2630.51
2024-11-20,2640.09,2665.79,2596.06,2596.89
2024-11-21,2596.85,2606.14,2557.54,2568.6
2024-11-22,2617.66,2628.5,2577,2581.05
2024-11-25,2583.42,2592.89,2517.58,2530.69
2024-11-26,2521.89,2544.83,2455.47,2464.35
2024-11-27,2468.73,2512.59,2426.02,2491.88
2024-11-28,2530.87,2560.55,2502,2547.88
2024-11-29,2546.13,2581.88,2533.99,2578
2024-12-02,2584.19,2600.28,2578.52,2586.74
2024-12-03,2585.34,2588.87,2523.54,2539.64
2024-12-04,2538.24,2555.99,2482.37,2485.62
2024-12-05,2473.75,2525.45,2438.84,2510.83
2024-12-06,2527.04,2552.6,2505.9,2536.23
2024-12-09,2548.08,2586.31,2543.94,2572.89
2024-12-10,2570.01,2570.01,2515.76,2522.75
2024-12-11,2514.78,2531.95,2499.82,2512.54
2024-12-12,2526.66,2548.06,2488.08,2492.63
2024-12-13,2478.78,2487.42,2466.73,2485.2
2024-12-16,2474.62,2474.62,2419.57,2420.3
2024-12-17,2391.49,2414.17,2370.28,2377.15
2024-12-18,2394.47,2410.19,2380.5,2409.35
2024-12-19,2428.56,2468.98,2410.22,2416.45
2024-12-20,2420.45,2652.58,2419.65,2638.42
2024-12-23,2668.72,2738.7,2658.64,2702.48
2024-12-24,2710.92,2722.65,2678.86,2690.96
2024-12-25,2680.25,2751.11,2666.38,2732.83
2024-12-26,2749.49,2776.33,2738.31,2766.57
2024-12-27,2754.56,2766.03,2743.18,2757.45
2024-12-28,2763.48,2798.49,2763.48,2786.67
2024-12-30,2809.12,2883.04,2809.12,2883.04
